SCAN,ADDRESS,TIMESTAMP,UUID,MAJOR,MINOR,TX POWER,RSSI,DISTANCE
0,DC:A6:32:55:FC:D8,2020-07-04 15:53:27.207317,a91197b8-be2c-11ea-8038-dca63255fcd7,1,1,1,-82,3.0
1,DC:A6:32:55:FC:D8,2020-07-04 15:53:28.189119,a91197b8-be2c-11ea-8038-dca63255fcd7,1,1,1,-71,3.0
2,DC:A6:32:55:FC:D8,2020-07-04 15:53:29.354361,a91197b8-be2c-11ea-8038-dca63255fcd7,1,1,1,-72,3.0
3,DC:A6:32:55:FC:D8,2020-07-04 15:53:31.123302,a91197b8-be2c-11ea-8038-dca63255fcd7,1,1,1,-73,3.0
4,DC:A6:32:55:FC:D8,2020-07-04 15:53:32.024452,a91197b8-be2c-11ea-8038-dca63255fcd7,1,1,1,-72,3.0
5,DC:A6:32:55:FC:D8,2020-07-04 15:53:34.009546,a91197b8-be2c-11ea-8038-dca63255fcd7,1,1,1,-69,3.0
6,DC:A6:32:55:FC:D8,2020-07-04 15:53:36.014771,a91197b8-be2c-11ea-8038-dca63255fcd7,1,1,1,-72,3.0
7,DC:A6:32:55:FC:D8,2020-07-04 15:53:38.019879,a91197b8-be2c-11ea-8038-dca63255fcd7,1,1,1,-72,3.0
8,DC:A6:32:55:FC:D8,2020-07-04 15:53:39.024911,a91197b8-be2c-11ea-8038-dca63255fcd7,1,1,1,-74,3.0
9,DC:A6:32:55:FC:D8,2020-07-04 15:53:40.312547,a91197b8-be2c-11ea-8038-dca63255fcd7,1,1,1,-83,3.0
10,DC:A6:32:55:FC:D8,2020-07-04 15:53:41.053708,a91197b8-be2c-11ea-8038-dca63255fcd7,1,1,1,-74,3.0
11,DC:A6:32:55:FC:D8,2020-07-04 15:53:42.040059,a91197b8-be2c-11ea-8038-dca63255fcd7,1,1,1,-72,3.0
12,DC:A6:32:55:FC:D8,2020-07-04 15:53:43.032630,a91197b8-be2c-11ea-8038-dca63255fcd7,1,1,1,-83,3.0
13,DC:A6:32:55:FC:D8,2020-07-04 15:53:44.522813,a91197b8-be2c-11ea-8038-dca63255fcd7,1,1,1,-74,3.0
14,DC:A6:32:55:FC:D8,2020-07-04 15:53:45.169122,a91197b8-be2c-11ea-8038-dca63255fcd7,1,1,1,-71,3.0
15,DC:A6:32:55:FC:D8,2020-07-04 15:53:47.174223,a91197b8-be2c-11ea-8038-dca63255fcd7,1,1,1,-83,3.0
16,DC:A6:32:55:FC:D8,2020-07-04 15:53:49.179353,a91197b8-be2c-11ea-8038-dca63255fcd7,1,1,1,-73,3.0
17,DC:A6:32:55:FC:D8,2020-07-04 15:53:50.243290,a91197b8-be2c-11ea-8038-dca63255fcd7,1,1,1,-82,3.0
18,DC:A6:32:55:FC:D8,2020-07-04 15:53:51.433247,a91197b8-be2c-11ea-8038-dca63255fcd7,1,1,1,-81,3.0
19,DC:A6:32:55:FC:D8,2020-07-04 15:53:52.204558,a91197b8-be2c-11ea-8038-dca63255fcd7,1,1,1,-74,3.0
20,DC:A6:32:55:FC:D8,2020-07-04 15:53:54.209778,a91197b8-be2c-11ea-8038-dca63255fcd7,1,1,1,-72,3.0
21,DC:A6:32:55:FC:D8,2020-07-04 15:53:56.032556,a91197b8-be2c-11ea-8038-dca63255fcd7,1,1,1,-72,3.0
22,DC:A6:32:55:FC:D8,2020-07-04 15:53:57.064983,a91197b8-be2c-11ea-8038-dca63255fcd7,1,1,1,-71,3.0
23,DC:A6:32:55:FC:D8,2020-07-04 15:53:58.283814,a91197b8-be2c-11ea-8038-dca63255fcd7,1,1,1,-72,3.0
24,DC:A6:32:55:FC:D8,2020-07-04 15:53:59.547174,a91197b8-be2c-11ea-8038-dca63255fcd7,1,1,1,-73,3.0
25,DC:A6:32:55:FC:D8,2020-07-04 15:54:00.011399,a91197b8-be2c-11ea-8038-dca63255fcd7,1,1,1,-72,3.0
26,DC:A6:32:55:FC:D8,2020-07-04 15:54:01.559286,a91197b8-be2c-11ea-8038-dca63255fcd7,1,1,1,-73,3.0
27,DC:A6:32:55:FC:D8,2020-07-04 15:54:02.009162,a91197b8-be2c-11ea-8038-dca63255fcd7,1,1,1,-80,3.0
28,DC:A6:32:55:FC:D8,2020-07-04 15:54:04.014327,a91197b8-be2c-11ea-8038-dca63255fcd7,1,1,1,-79,3.0
29,DC:A6:32:55:FC:D8,2020-07-04 15:54:05.237671,a91197b8-be2c-11ea-8038-dca63255fcd7,1,1,1,-83,3.0
30,DC:A6:32:55:FC:D8,2020-07-04 15:54:06.428270,a91197b8-be2c-11ea-8038-dca63255fcd7,1,1,1,-72,3.0
31,DC:A6:32:55:FC:D8,2020-07-04 15:54:08.432951,a91197b8-be2c-11ea-8038-dca63255fcd7,1,1,1,-73,3.0
32,DC:A6:32:55:FC:D8,2020-07-04 15:54:09.292417,a91197b8-be2c-11ea-8038-dca63255fcd7,1,1,1,-73,3.0
33,DC:A6:32:55:FC:D8,2020-07-04 15:54:10.308775,a91197b8-be2c-11ea-8038-dca63255fcd7,1,1,1,-83,3.0
34,DC:A6:32:55:FC:D8,2020-07-04 15:54:12.313976,a91197b8-be2c-11ea-8038-dca63255fcd7,1,1,1,-72,3.0
35,DC:A6:32:55:FC:D8,2020-07-04 15:54:14.315400,a91197b8-be2c-11ea-8038-dca63255fcd7,1,1,1,-73,3.0
36,DC:A6:32:55:FC:D8,2020-07-04 15:54:15.124266,a91197b8-be2c-11ea-8038-dca63255fcd7,1,1,1,-73,3.0
37,DC:A6:32:55:FC:D8,2020-07-04 15:54:16.723020,a91197b8-be2c-11ea-8038-dca63255fcd7,1,1,1,-73,3.0
38,DC:A6:32:55:FC:D8,2020-07-04 15:54:17.325646,a91197b8-be2c-11ea-8038-dca63255fcd7,1,1,1,-74,3.0
39,DC:A6:32:55:FC:D8,2020-07-04 15:54:18.723237,a91197b8-be2c-11ea-8038-dca63255fcd7,1,1,1,-84,3.0
40,DC:A6:32:55:FC:D8,2020-07-04 15:54:19.128219,a91197b8-be2c-11ea-8038-dca63255fcd7,1,1,1,-72,3.0
41,DC:A6:32:55:FC:D8,2020-07-04 15:54:20.360440,a91197b8-be2c-11ea-8038-dca63255fcd7,1,1,1,-73,3.0
42,DC:A6:32:55:FC:D8,2020-07-04 15:54:21.017238,a91197b8-be2c-11ea-8038-dca63255fcd7,1,1,1,-71,3.0
43,DC:A6:32:55:FC:D8,2020-07-04 15:54:23.022584,a91197b8-be2c-11ea-8038-dca63255fcd7,1,1,1,-74,3.0
44,DC:A6:32:55:FC:D8,2020-07-04 15:54:25.027845,a91197b8-be2c-11ea-8038-dca63255fcd7,1,1,1,-72,3.0
45,DC:A6:32:55:FC:D8,2020-07-04 15:54:26.274180,a91197b8-be2c-11ea-8038-dca63255fcd7,1,1,1,-73,3.0
46,DC:A6:32:55:FC:D8,2020-07-04 15:54:27.006607,a91197b8-be2c-11ea-8038-dca63255fcd7,1,1,1,-81,3.0
0,DC:A6:32:55:FC:D8,2020-07-04 16:05:01.208031,a91197b8-be2c-11ea-8038-dca63255fcd7,1,1,1,-71,5.0
1,DC:A6:32:55:FC:D8,2020-07-04 16:05:03.213378,a91197b8-be2c-11ea-8038-dca63255fcd7,1,1,1,-72,5.0
2,DC:A6:32:55:FC:D8,2020-07-04 16:05:04.557801,a91197b8-be2c-11ea-8038-dca63255fcd7,1,1,1,-73,5.0
3,DC:A6:32:55:FC:D8,2020-07-04 16:05:05.243874,a91197b8-be2c-11ea-8038-dca63255fcd7,1,1,1,-78,5.0
4,DC:A6:32:55:FC:D8,2020-07-04 16:05:07.248452,a91197b8-be2c-11ea-8038-dca63255fcd7,1,1,1,-72,5.0
5,DC:A6:32:55:FC:D8,2020-07-04 16:05:08.075556,a91197b8-be2c-11ea-8038-dca63255fcd7,1,1,1,-74,5.0
6,DC:A6:32:55:FC:D8,2020-07-04 16:05:09.054879,a91197b8-be2c-11ea-8038-dca63255fcd7,1,1,1,-77,5.0
7,DC:A6:32:55:FC:D8,2020-07-04 16:05:10.025059,a91197b8-be2c-11ea-8038-dca63255fcd7,1,1,1,-77,5.0
8,DC:A6:32:55:FC:D8,2020-07-04 16:05:11.786475,a91197b8-be2c-11ea-8038-dca63255fcd7,1,1,1,-74,5.0
9,DC:A6:32:55:FC:D8,2020-07-04 16:05:12.006969,a91197b8-be2c-11ea-8038-dca63255fcd7,1,1,1,-76,5.0
10,DC:A6:32:55:FC:D8,2020-07-04 16:05:13.352915,a91197b8-be2c-11ea-8038-dca63255fcd7,1,1,1,-77,5.0
11,DC:A6:32:55:FC:D8,2020-07-04 16:05:14.097737,a91197b8-be2c-11ea-8038-dca63255fcd7,1,1,1,-75,5.0
12,DC:A6:32:55:FC:D8,2020-07-04 16:05:16.013611,a91197b8-be2c-11ea-8038-dca63255fcd7,1,1,1,-72,5.0
13,DC:A6:32:55:FC:D8,2020-07-04 16:05:17.019437,a91197b8-be2c-11ea-8038-dca63255fcd7,1,1,1,-72,5.0
14,DC:A6:32:55:FC:D8,2020-07-04 16:05:18.050441,a91197b8-be2c-11ea-8038-dca63255fcd7,1,1,1,-72,5.0
15,DC:A6:32:55:FC:D8,2020-07-04 16:05:19.748851,a91197b8-be2c-11ea-8038-dca63255fcd7,1,1,1,-73,5.0
16,DC:A6:32:55:FC:D8,2020-07-04 16:05:20.076144,a91197b8-be2c-11ea-8038-dca63255fcd7,1,1,1,-73,5.0
17,DC:A6:32:55:FC:D8,2020-07-04 16:05:21.933399,a91197b8-be2c-11ea-8038-dca63255fcd7,1,1,1,-75,5.0
18,DC:A6:32:55:FC:D8,2020-07-04 16:05:22.020722,a91197b8-be2c-11ea-8038-dca63255fcd7,1,1,1,-76,5.0
19,DC:A6:32:55:FC:D8,2020-07-04 16:05:24.025405,a91197b8-be2c-11ea-8038-dca63255fcd7,1,1,1,-73,5.0
20,DC:A6:32:55:FC:D8,2020-07-04 16:05:25.818675,a91197b8-be2c-11ea-8038-dca63255fcd7,1,1,1,-73,5.0
21,DC:A6:32:55:FC:D8,2020-07-04 16:05:26.017198,a91197b8-be2c-11ea-8038-dca63255fcd7,1,1,1,-71,5.0
22,DC:A6:32:55:FC:D8,2020-07-04 16:05:27.027012,a91197b8-be2c-11ea-8038-dca63255fcd7,1,1,1,-77,5.0
23,DC:A6:32:55:FC:D8,2020-07-04 16:05:29.026628,a91197b8-be2c-11ea-8038-dca63255fcd7,1,1,1,-71,5.0
24,DC:A6:32:55:FC:D8,2020-07-04 16:05:31.031242,a91197b8-be2c-11ea-8038-dca63255fcd7,1,1,1,-73,5.0
25,DC:A6:32:55:FC:D8,2020-07-04 16:05:32.015918,a91197b8-be2c-11ea-8038-dca63255fcd7,1,1,1,-71,5.0
26,DC:A6:32:55:FC:D8,2020-07-04 16:05:33.576215,a91197b8-be2c-11ea-8038-dca63255fcd7,1,1,1,-70,5.0
27,DC:A6:32:55:FC:D8,2020-07-04 16:05:34.052962,a91197b8-be2c-11ea-8038-dca63255fcd7,1,1,1,-70,5.0
28,DC:A6:32:55:FC:D8,2020-07-04 16:05:35.189034,a91197b8-be2c-11ea-8038-dca63255fcd7,1,1,1,-73,5.0
29,DC:A6:32:55:FC:D8,2020-07-04 16:05:36.495043,a91197b8-be2c-11ea-8038-dca63255fcd7,1,1,1,-70,5.0
30,DC:A6:32:55:FC:D8,2020-07-04 16:05:37.563483,a91197b8-be2c-11ea-8038-dca63255fcd7,1,1,1,-71,5.0
31,DC:A6:32:55:FC:D8,2020-07-04 16:05:38.065833,a91197b8-be2c-11ea-8038-dca63255fcd7,1,1,1,-76,5.0
32,DC:A6:32:55:FC:D8,2020-07-04 16:05:40.069845,a91197b8-be2c-11ea-8038-dca63255fcd7,1,1,1,-71,5.0
33,DC:A6:32:55:FC:D8,2020-07-04 16:05:42.075204,a91197b8-be2c-11ea-8038-dca63255fcd7,1,1,1,-76,5.0
34,DC:A6:32:55:FC:D8,2020-07-04 16:05:43.178700,a91197b8-be2c-11ea-8038-dca63255fcd7,1,1,1,-72,5.0
35,DC:A6:32:55:FC:D8,2020-07-04 16:05:45.183262,a91197b8-be2c-11ea-8038-dca63255fcd7,1,1,1,-70,5.0
36,DC:A6:32:55:FC:D8,2020-07-04 16:05:46.006909,a91197b8-be2c-11ea-8038-dca63255fcd7,1,1,1,-71,5.0
37,DC:A6:32:55:FC:D8,2020-07-04 16:05:48.011457,a91197b8-be2c-11ea-8038-dca63255fcd7,1,1,1,-74,5.0
38,DC:A6:32:55:FC:D8,2020-07-04 16:05:49.413701,a91197b8-be2c-11ea-8038-dca63255fcd7,1,1,1,-71,5.0
39,DC:A6:32:55:FC:D8,2020-07-04 16:05:50.078504,a91197b8-be2c-11ea-8038-dca63255fcd7,1,1,1,-76,5.0
40,DC:A6:32:55:FC:D8,2020-07-04 16:05:51.212285,a91197b8-be2c-11ea-8038-dca63255fcd7,1,1,1,-73,5.0
41,DC:A6:32:55:FC:D8,2020-07-04 16:05:53.216759,a91197b8-be2c-11ea-8038-dca63255fcd7,1,1,1,-75,5.0
42,DC:A6:32:55:FC:D8,2020-07-04 16:05:55.222706,a91197b8-be2c-11ea-8038-dca63255fcd7,1,1,1,-75,5.0
43,DC:A6:32:55:FC:D8,2020-07-04 16:05:56.066354,a91197b8-be2c-11ea-8038-dca63255fcd7,1,1,1,-76,5.0
44,DC:A6:32:55:FC:D8,2020-07-04 16:05:57.502288,a91197b8-be2c-11ea-8038-dca63255fcd7,1,1,1,-75,5.0
45,DC:A6:32:55:FC:D8,2020-07-04 16:05:59.029354,a91197b8-be2c-11ea-8038-dca63255fcd7,1,1,1,-69,5.0
46,DC:A6:32:55:FC:D8,2020-07-04 16:06:00.114267,a91197b8-be2c-11ea-8038-dca63255fcd7,1,1,1,-75,5.0
0,DC:A6:32:55:FC:D8,2020-07-04 15:47:28.378664,a91197b8-be2c-11ea-8038-dca63255fcd7,1,1,1,-78,2.0
1,DC:A6:32:55:FC:D8,2020-07-04 15:47:29.110181,a91197b8-be2c-11ea-8038-dca63255fcd7,1,1,1,-70,2.0
2,DC:A6:32:55:FC:D8,2020-07-04 15:47:30.210972,a91197b8-be2c-11ea-8038-dca63255fcd7,1,1,1,-69,2.0
3,DC:A6:32:55:FC:D8,2020-07-04 15:47:31.005099,a91197b8-be2c-11ea-8038-dca63255fcd7,1,1,1,-68,2.0
4,DC:A6:32:55:FC:D8,2020-07-04 15:47:33.011565,a91197b8-be2c-11ea-8038-dca63255fcd7,1,1,1,-69,2.0
5,DC:A6:32:55:FC:D8,2020-07-04 15:47:34.025994,a91197b8-be2c-11ea-8038-dca63255fcd7,1,1,1,-68,2.0
6,DC:A6:32:55:FC:D8,2020-07-04 15:47:35.091866,a91197b8-be2c-11ea-8038-dca63255fcd7,1,1,1,-77,2.0
7,DC:A6:32:55:FC:D8,2020-07-04 15:47:37.097194,a91197b8-be2c-11ea-8038-dca63255fcd7,1,1,1,-76,2.0
8,DC:A6:32:55:FC:D8,2020-07-04 15:47:39.102655,a91197b8-be2c-11ea-8038-dca63255fcd7,1,1,1,-80,2.0
9,DC:A6:32:55:FC:D8,2020-07-04 15:47:40.076085,a91197b8-be2c-11ea-8038-dca63255fcd7,1,1,1,-69,2.0
10,DC:A6:32:55:FC:D8,2020-07-04 15:47:41.159366,a91197b8-be2c-11ea-8038-dca63255fcd7,1,1,1,-73,2.0
11,DC:A6:32:55:FC:D8,2020-07-04 15:47:42.009056,a91197b8-be2c-11ea-8038-dca63255fcd7,1,1,1,-75,2.0
12,DC:A6:32:55:FC:D8,2020-07-04 15:47:43.006969,a91197b8-be2c-11ea-8038-dca63255fcd7,1,1,1,-68,2.0
13,DC:A6:32:55:FC:D8,2020-07-04 15:47:45.012246,a91197b8-be2c-11ea-8038-dca63255fcd7,1,1,1,-81,2.0
14,DC:A6:32:55:FC:D8,2020-07-04 15:47:47.017940,a91197b8-be2c-11ea-8038-dca63255fcd7,1,1,1,-77,2.0
15,DC:A6:32:55:FC:D8,2020-07-04 15:47:48.023308,a91197b8-be2c-11ea-8038-dca63255fcd7,1,1,1,-68,2.0
16,DC:A6:32:55:FC:D8,2020-07-04 15:47:49.611933,a91197b8-be2c-11ea-8038-dca63255fcd7,1,1,1,-76,2.0
17,DC:A6:32:55:FC:D8,2020-07-04 15:47:50.130572,a91197b8-be2c-11ea-8038-dca63255fcd7,1,1,1,-79,2.0
18,DC:A6:32:55:FC:D8,2020-07-04 15:47:52.134775,a91197b8-be2c-11ea-8038-dca63255fcd7,1,1,1,-69,2.0
19,DC:A6:32:55:FC:D8,2020-07-04 15:47:53.678272,a91197b8-be2c-11ea-8038-dca63255fcd7,1,1,1,-67,2.0
20,DC:A6:32:55:FC:D8,2020-07-04 15:47:54.598276,a91197b8-be2c-11ea-8038-dca63255fcd7,1,1,1,-69,2.0
21,DC:A6:32:55:FC:D8,2020-07-04 15:47:55.005798,a91197b8-be2c-11ea-8038-dca63255fcd7,1,1,1,-74,2.0
22,DC:A6:32:55:FC:D8,2020-07-04 15:47:56.305727,a91197b8-be2c-11ea-8038-dca63255fcd7,1,1,1,-73,2.0
23,DC:A6:32:55:FC:D8,2020-07-04 15:47:57.275597,a91197b8-be2c-11ea-8038-dca63255fcd7,1,1,1,-74,2.0
24,DC:A6:32:55:FC:D8,2020-07-04 15:47:58.188022,a91197b8-be2c-11ea-8038-dca63255fcd7,1,1,1,-74,2.0
25,DC:A6:32:55:FC:D8,2020-07-04 15:47:59.636921,a91197b8-be2c-11ea-8038-dca63255fcd7,1,1,1,-73,2.0
26,DC:A6:32:55:FC:D8,2020-07-04 15:48:00.133218,a91197b8-be2c-11ea-8038-dca63255fcd7,1,1,1,-68,2.0
27,DC:A6:32:55:FC:D8,2020-07-04 15:48:02.138312,a91197b8-be2c-11ea-8038-dca63255fcd7,1,1,1,-70,2.0
28,DC:A6:32:55:FC:D8,2020-07-04 15:48:03.948198,a91197b8-be2c-11ea-8038-dca63255fcd7,1,1,1,-70,2.0
29,DC:A6:32:55:FC:D8,2020-07-04 15:48:04.013724,a91197b8-be2c-11ea-8038-dca63255fcd7,1,1,1,-75,2.0
30,DC:A6:32:55:FC:D8,2020-07-04 15:48:05.060942,a91197b8-be2c-11ea-8038-dca63255fcd7,1,1,1,-68,2.0
31,DC:A6:32:55:FC:D8,2020-07-04 15:48:06.702270,a91197b8-be2c-11ea-8038-dca63255fcd7,1,1,1,-69,2.0
32,DC:A6:32:55:FC:D8,2020-07-04 15:48:07.205927,a91197b8-be2c-11ea-8038-dca63255fcd7,1,1,1,-74,2.0
33,DC:A6:32:55:FC:D8,2020-07-04 15:48:09.211285,a91197b8-be2c-11ea-8038-dca63255fcd7,1,1,1,-77,2.0
34,DC:A6:32:55:FC:D8,2020-07-04 15:48:10.066429,a91197b8-be2c-11ea-8038-dca63255fcd7,1,1,1,-69,2.0
35,DC:A6:32:55:FC:D8,2020-07-04 15:48:11.338278,a91197b8-be2c-11ea-8038-dca63255fcd7,1,1,1,-69,2.0
36,DC:A6:32:55:FC:D8,2020-07-04 15:48:13.342440,a91197b8-be2c-11ea-8038-dca63255fcd7,1,1,1,-74,2.0
37,DC:A6:32:55:FC:D8,2020-07-04 15:48:14.681981,a91197b8-be2c-11ea-8038-dca63255fcd7,1,1,1,-72,2.0
38,DC:A6:32:55:FC:D8,2020-07-04 15:48:15.047055,a91197b8-be2c-11ea-8038-dca63255fcd7,1,1,1,-69,2.0
39,DC:A6:32:55:FC:D8,2020-07-04 15:48:17.052391,a91197b8-be2c-11ea-8038-dca63255fcd7,1,1,1,-77,2.0
40,DC:A6:32:55:FC:D8,2020-07-04 15:48:19.057716,a91197b8-be2c-11ea-8038-dca63255fcd7,1,1,1,-74,2.0
41,DC:A6:32:55:FC:D8,2020-07-04 15:48:20.146727,a91197b8-be2c-11ea-8038-dca63255fcd7,1,1,1,-74,2.0
42,DC:A6:32:55:FC:D8,2020-07-04 15:48:22.152202,a91197b8-be2c-11ea-8038-dca63255fcd7,1,1,1,-78,2.0
43,DC:A6:32:55:FC:D8,2020-07-04 15:48:23.401055,a91197b8-be2c-11ea-8038-dca63255fcd7,1,1,1,-81,2.0
44,DC:A6:32:55:FC:D8,2020-07-04 15:48:24.218850,a91197b8-be2c-11ea-8038-dca63255fcd7,1,1,1,-70,2.0
45,DC:A6:32:55:FC:D8,2020-07-04 15:48:26.224290,a91197b8-be2c-11ea-8038-dca63255fcd7,1,1,1,-69,2.0
46,DC:A6:32:55:FC:D8,2020-07-04 15:48:28.229690,a91197b8-be2c-11ea-8038-dca63255fcd7,1,1,1,-77,2.0
0,DC:A6:32:55:FC:D8,2020-07-04 15:29:29.114492,a91197b8-be2c-11ea-8038-dca63255fcd7,1,1,1,-39,0.25
1,DC:A6:32:55:FC:D8,2020-07-04 15:29:30.406379,a91197b8-be2c-11ea-8038-dca63255fcd7,1,1,1,-36,0.25
2,DC:A6:32:55:FC:D8,2020-07-04 15:29:31.508900,a91197b8-be2c-11ea-8038-dca63255fcd7,1,1,1,-36,0.25
3,DC:A6:32:55:FC:D8,2020-07-04 15:29:32.013766,a91197b8-be2c-11ea-8038-dca63255fcd7,1,1,1,-35,0.25
4,DC:A6:32:55:FC:D8,2020-07-04 15:29:34.054437,a91197b8-be2c-11ea-8038-dca63255fcd7,1,1,1,-39,0.25
5,DC:A6:32:55:FC:D8,2020-07-04 15:29:35.369463,a91197b8-be2c-11ea-8038-dca63255fcd7,1,1,1,-31,0.25
6,DC:A6:32:55:FC:D8,2020-07-04 15:29:36.023746,a91197b8-be2c-11ea-8038-dca63255fcd7,1,1,1,-33,0.25
7,DC:A6:32:55:FC:D8,2020-07-04 15:29:37.051828,a91197b8-be2c-11ea-8038-dca63255fcd7,1,1,1,-35,0.25
8,DC:A6:32:55:FC:D8,2020-07-04 15:29:38.218805,a91197b8-be2c-11ea-8038-dca63255fcd7,1,1,1,-35,0.25
9,DC:A6:32:55:FC:D8,2020-07-04 15:29:39.057359,a91197b8-be2c-11ea-8038-dca63255fcd7,1,1,1,-31,0.25
10,DC:A6:32:55:FC:D8,2020-07-04 15:29:40.702624,a91197b8-be2c-11ea-8038-dca63255fcd7,1,1,1,-35,0.25
11,DC:A6:32:55:FC:D8,2020-07-04 15:29:41.077525,a91197b8-be2c-11ea-8038-dca63255fcd7,1,1,1,-33,0.25
12,DC:A6:32:55:FC:D8,2020-07-04 15:29:43.082486,a91197b8-be2c-11ea-8038-dca63255fcd7,1,1,1,-35,0.25
13,DC:A6:32:55:FC:D8,2020-07-04 15:29:44.278257,a91197b8-be2c-11ea-8038-dca63255fcd7,1,1,1,-36,0.25
14,DC:A6:32:55:FC:D8,2020-07-04 15:29:45.253907,a91197b8-be2c-11ea-8038-dca63255fcd7,1,1,1,-38,0.25
15,DC:A6:32:55:FC:D8,2020-07-04 15:29:47.258985,a91197b8-be2c-11ea-8038-dca63255fcd7,1,1,1,-30,0.25
16,DC:A6:32:55:FC:D8,2020-07-04 15:29:48.058825,a91197b8-be2c-11ea-8038-dca63255fcd7,1,1,1,-36,0.25
17,DC:A6:32:55:FC:D8,2020-07-04 15:29:49.111406,a91197b8-be2c-11ea-8038-dca63255fcd7,1,1,1,-35,0.25
18,DC:A6:32:55:FC:D8,2020-07-04 15:29:50.215245,a91197b8-be2c-11ea-8038-dca63255fcd7,1,1,1,-38,0.25
19,DC:A6:32:55:FC:D8,2020-07-04 15:29:52.219530,a91197b8-be2c-11ea-8038-dca63255fcd7,1,1,1,-35,0.25
20,DC:A6:32:55:FC:D8,2020-07-04 15:29:53.869001,a91197b8-be2c-11ea-8038-dca63255fcd7,1,1,1,-31,0.25
21,DC:A6:32:55:FC:D8,2020-07-04 15:29:54.043917,a91197b8-be2c-11ea-8038-dca63255fcd7,1,1,1,-35,0.25
22,DC:A6:32:55:FC:D8,2020-07-04 15:29:55.256483,a91197b8-be2c-11ea-8038-dca63255fcd7,1,1,1,-38,0.25
23,DC:A6:32:55:FC:D8,2020-07-04 15:29:56.145172,a91197b8-be2c-11ea-8038-dca63255fcd7,1,1,1,-34,0.25
24,DC:A6:32:55:FC:D8,2020-07-04 15:29:57.148919,a91197b8-be2c-11ea-8038-dca63255fcd7,1,1,1,-41,0.25
25,DC:A6:32:55:FC:D8,2020-07-04 15:29:59.040959,a91197b8-be2c-11ea-8038-dca63255fcd7,1,1,1,-35,0.25
26,DC:A6:32:55:FC:D8,2020-07-04 15:30:00.594032,a91197b8-be2c-11ea-8038-dca63255fcd7,1,1,1,-33,0.25
27,DC:A6:32:55:FC:D8,2020-07-04 15:30:01.062817,a91197b8-be2c-11ea-8038-dca63255fcd7,1,1,1,-35,0.25
28,DC:A6:32:55:FC:D8,2020-07-04 15:30:02.169960,a91197b8-be2c-11ea-8038-dca63255fcd7,1,1,1,-38,0.25
29,DC:A6:32:55:FC:D8,2020-07-04 15:30:04.021387,a91197b8-be2c-11ea-8038-dca63255fcd7,1,1,1,-31,0.25
30,DC:A6:32:55:FC:D8,2020-07-04 15:30:05.037794,a91197b8-be2c-11ea-8038-dca63255fcd7,1,1,1,-36,0.25
31,DC:A6:32:55:FC:D8,2020-07-04 15:30:06.562734,a91197b8-be2c-11ea-8038-dca63255fcd7,1,1,1,-35,0.25
32,DC:A6:32:55:FC:D8,2020-07-04 15:30:07.047027,a91197b8-be2c-11ea-8038-dca63255fcd7,1,1,1,-38,0.25
33,DC:A6:32:55:FC:D8,2020-07-04 15:30:08.225238,a91197b8-be2c-11ea-8038-dca63255fcd7,1,1,1,-35,0.25
34,DC:A6:32:55:FC:D8,2020-07-04 15:30:09.059676,a91197b8-be2c-11ea-8038-dca63255fcd7,1,1,1,-33,0.25
35,DC:A6:32:55:FC:D8,2020-07-04 15:30:10.186557,a91197b8-be2c-11ea-8038-dca63255fcd7,1,1,1,-35,0.25
36,DC:A6:32:55:FC:D8,2020-07-04 15:30:11.209015,a91197b8-be2c-11ea-8038-dca63255fcd7,1,1,1,-35,0.25
37,DC:A6:32:55:FC:D8,2020-07-04 15:30:12.280200,a91197b8-be2c-11ea-8038-dca63255fcd7,1,1,1,-35,0.25
38,DC:A6:32:55:FC:D8,2020-07-04 15:30:14.285357,a91197b8-be2c-11ea-8038-dca63255fcd7,1,1,1,-38,0.25
39,DC:A6:32:55:FC:D8,2020-07-04 15:30:15.569693,a91197b8-be2c-11ea-8038-dca63255fcd7,1,1,1,-36,0.25
40,DC:A6:32:55:FC:D8,2020-07-04 15:30:16.097760,a91197b8-be2c-11ea-8038-dca63255fcd7,1,1,1,-31,0.25
41,DC:A6:32:55:FC:D8,2020-07-04 15:30:17.239624,a91197b8-be2c-11ea-8038-dca63255fcd7,1,1,1,-35,0.25
42,DC:A6:32:55:FC:D8,2020-07-04 15:30:18.616495,a91197b8-be2c-11ea-8038-dca63255fcd7,1,1,1,-30,0.25
43,DC:A6:32:55:FC:D8,2020-07-04 15:30:19.139074,a91197b8-be2c-11ea-8038-dca63255fcd7,1,1,1,-33,0.25
44,DC:A6:32:55:FC:D8,2020-07-04 15:30:20.599143,a91197b8-be2c-11ea-8038-dca63255fcd7,1,1,1,-30,0.25
45,DC:A6:32:55:FC:D8,2020-07-04 15:30:21.139023,a91197b8-be2c-11ea-8038-dca63255fcd7,1,1,1,-36,0.25
46,DC:A6:32:55:FC:D8,2020-07-04 15:30:23.027818,a91197b8-be2c-11ea-8038-dca63255fcd7,1,1,1,-33,0.25
47,DC:A6:32:55:FC:D8,2020-07-04 15:30:24.405371,a91197b8-be2c-11ea-8038-dca63255fcd7,1,1,1,-35,0.25
48,DC:A6:32:55:FC:D8,2020-07-04 15:30:25.571709,a91197b8-be2c-11ea-8038-dca63255fcd7,1,1,1,-35,0.25
49,DC:A6:32:55:FC:D8,2020-07-04 15:30:26.075383,a91197b8-be2c-11ea-8038-dca63255fcd7,1,1,1,-38,0.25
50,DC:A6:32:55:FC:D8,2020-07-04 15:30:27.419071,a91197b8-be2c-11ea-8038-dca63255fcd7,1,1,1,-35,0.25
51,DC:A6:32:55:FC:D8,2020-07-04 15:30:28.490319,a91197b8-be2c-11ea-8038-dca63255fcd7,1,1,1,-35,0.25
52,DC:A6:32:55:FC:D8,2020-07-04 15:30:29.109172,a91197b8-be2c-11ea-8038-dca63255fcd7,1,1,1,-33,0.25
0,DC:A6:32:55:FC:D8,2020-07-04 15:32:16.642324,a91197b8-be2c-11ea-8038-dca63255fcd7,1,1,1,-41,0.5
1,DC:A6:32:55:FC:D8,2020-07-04 15:32:17.084871,a91197b8-be2c-11ea-8038-dca63255fcd7,1,1,1,-36,0.5
2,DC:A6:32:55:FC:D8,2020-07-04 15:32:18.380160,a91197b8-be2c-11ea-8038-dca63255fcd7,1,1,1,-41,0.5
3,DC:A6:32:55:FC:D8,2020-07-04 15:32:19.080150,a91197b8-be2c-11ea-8038-dca63255fcd7,1,1,1,-40,0.5
4,DC:A6:32:55:FC:D8,2020-07-04 15:32:20.157857,a91197b8-be2c-11ea-8038-dca63255fcd7,1,1,1,-35,0.5
5,DC:A6:32:55:FC:D8,2020-07-04 15:32:21.412824,a91197b8-be2c-11ea-8038-dca63255fcd7,1,1,1,-44,0.5
6,DC:A6:32:55:FC:D8,2020-07-04 15:32:22.795251,a91197b8-be2c-11ea-8038-dca63255fcd7,1,1,1,-35,0.5
7,DC:A6:32:55:FC:D8,2020-07-04 15:32:23.145188,a91197b8-be2c-11ea-8038-dca63255fcd7,1,1,1,-40,0.5
8,DC:A6:32:55:FC:D8,2020-07-04 15:32:24.129037,a91197b8-be2c-11ea-8038-dca63255fcd7,1,1,1,-40,0.5
9,DC:A6:32:55:FC:D8,2020-07-04 15:32:25.140332,a91197b8-be2c-11ea-8038-dca63255fcd7,1,1,1,-35,0.5
10,DC:A6:32:55:FC:D8,2020-07-04 15:32:27.145342,a91197b8-be2c-11ea-8038-dca63255fcd7,1,1,1,-41,0.5
11,DC:A6:32:55:FC:D8,2020-07-04 15:32:28.367769,a91197b8-be2c-11ea-8038-dca63255fcd7,1,1,1,-41,0.5
12,DC:A6:32:55:FC:D8,2020-07-04 15:32:29.046485,a91197b8-be2c-11ea-8038-dca63255fcd7,1,1,1,-40,0.5
13,DC:A6:32:55:FC:D8,2020-07-04 15:32:30.146621,a91197b8-be2c-11ea-8038-dca63255fcd7,1,1,1,-35,0.5
14,DC:A6:32:55:FC:D8,2020-07-04 15:32:31.019079,a91197b8-be2c-11ea-8038-dca63255fcd7,1,1,1,-41,0.5
15,DC:A6:32:55:FC:D8,2020-07-04 15:32:32.199074,a91197b8-be2c-11ea-8038-dca63255fcd7,1,1,1,-35,0.5
16,DC:A6:32:55:FC:D8,2020-07-04 15:32:33.236586,a91197b8-be2c-11ea-8038-dca63255fcd7,1,1,1,-44,0.5
17,DC:A6:32:55:FC:D8,2020-07-04 15:32:34.034672,a91197b8-be2c-11ea-8038-dca63255fcd7,1,1,1,-41,0.5
18,DC:A6:32:55:FC:D8,2020-07-04 15:32:35.181629,a91197b8-be2c-11ea-8038-dca63255fcd7,1,1,1,-35,0.5
19,DC:A6:32:55:FC:D8,2020-07-04 15:32:37.186569,a91197b8-be2c-11ea-8038-dca63255fcd7,1,1,1,-41,0.5
20,DC:A6:32:55:FC:D8,2020-07-04 15:32:39.190416,a91197b8-be2c-11ea-8038-dca63255fcd7,1,1,1,-40,0.5
21,DC:A6:32:55:FC:D8,2020-07-04 15:32:40.089185,a91197b8-be2c-11ea-8038-dca63255fcd7,1,1,1,-35,0.5
22,DC:A6:32:55:FC:D8,2020-07-04 15:32:42.094161,a91197b8-be2c-11ea-8038-dca63255fcd7,1,1,1,-35,0.5
23,DC:A6:32:55:FC:D8,2020-07-04 15:32:43.497886,a91197b8-be2c-11ea-8038-dca63255fcd7,1,1,1,-35,0.5
24,DC:A6:32:55:FC:D8,2020-07-04 15:32:44.324171,a91197b8-be2c-11ea-8038-dca63255fcd7,1,1,1,-40,0.5
25,DC:A6:32:55:FC:D8,2020-07-04 15:32:45.306744,a91197b8-be2c-11ea-8038-dca63255fcd7,1,1,1,-40,0.5
26,DC:A6:32:55:FC:D8,2020-07-04 15:32:46.132985,a91197b8-be2c-11ea-8038-dca63255fcd7,1,1,1,-41,0.5
27,DC:A6:32:55:FC:D8,2020-07-04 15:32:47.350431,a91197b8-be2c-11ea-8038-dca63255fcd7,1,1,1,-35,0.5
28,DC:A6:32:55:FC:D8,2020-07-04 15:32:48.235415,a91197b8-be2c-11ea-8038-dca63255fcd7,1,1,1,-40,0.5
29,DC:A6:32:55:FC:D8,2020-07-04 15:32:49.100421,a91197b8-be2c-11ea-8038-dca63255fcd7,1,1,1,-41,0.5
30,DC:A6:32:55:FC:D8,2020-07-04 15:32:50.115522,a91197b8-be2c-11ea-8038-dca63255fcd7,1,1,1,-40,0.5
31,DC:A6:32:55:FC:D8,2020-07-04 15:32:51.911834,a91197b8-be2c-11ea-8038-dca63255fcd7,1,1,1,-41,0.5
32,DC:A6:32:55:FC:D8,2020-07-04 15:32:52.022948,a91197b8-be2c-11ea-8038-dca63255fcd7,1,1,1,-41,0.5
33,DC:A6:32:55:FC:D8,2020-07-04 15:32:53.216743,a91197b8-be2c-11ea-8038-dca63255fcd7,1,1,1,-35,0.5
34,DC:A6:32:55:FC:D8,2020-07-04 15:32:55.221908,a91197b8-be2c-11ea-8038-dca63255fcd7,1,1,1,-40,0.5
35,DC:A6:32:55:FC:D8,2020-07-04 15:32:56.060532,a91197b8-be2c-11ea-8038-dca63255fcd7,1,1,1,-42,0.5
36,DC:A6:32:55:FC:D8,2020-07-04 15:32:58.065605,a91197b8-be2c-11ea-8038-dca63255fcd7,1,1,1,-40,0.5
37,DC:A6:32:55:FC:D8,2020-07-04 15:33:00.070696,a91197b8-be2c-11ea-8038-dca63255fcd7,1,1,1,-44,0.5
38,DC:A6:32:55:FC:D8,2020-07-04 15:33:01.096820,a91197b8-be2c-11ea-8038-dca63255fcd7,1,1,1,-41,0.5
39,DC:A6:32:55:FC:D8,2020-07-04 15:33:02.051201,a91197b8-be2c-11ea-8038-dca63255fcd7,1,1,1,-43,0.5
40,DC:A6:32:55:FC:D8,2020-07-04 15:33:04.056919,a91197b8-be2c-11ea-8038-dca63255fcd7,1,1,1,-44,0.5
41,DC:A6:32:55:FC:D8,2020-07-04 15:33:05.520691,a91197b8-be2c-11ea-8038-dca63255fcd7,1,1,1,-35,0.5
42,DC:A6:32:55:FC:D8,2020-07-04 15:33:06.200610,a91197b8-be2c-11ea-8038-dca63255fcd7,1,1,1,-40,0.5
43,DC:A6:32:55:FC:D8,2020-07-04 15:33:08.000647,a91197b8-be2c-11ea-8038-dca63255fcd7,1,1,1,-41,0.5
44,DC:A6:32:55:FC:D8,2020-07-04 15:33:09.945754,a91197b8-be2c-11ea-8038-dca63255fcd7,1,1,1,-40,0.5
45,DC:A6:32:55:FC:D8,2020-07-04 15:33:10.009329,a91197b8-be2c-11ea-8038-dca63255fcd7,1,1,1,-40,0.5
46,DC:A6:32:55:FC:D8,2020-07-04 15:33:11.843174,a91197b8-be2c-11ea-8038-dca63255fcd7,1,1,1,-44,0.5
47,DC:A6:32:55:FC:D8,2020-07-04 15:33:12.003091,a91197b8-be2c-11ea-8038-dca63255fcd7,1,1,1,-35,0.5
48,DC:A6:32:55:FC:D8,2020-07-04 15:33:13.050632,a91197b8-be2c-11ea-8038-dca63255fcd7,1,1,1,-35,0.5
49,DC:A6:32:55:FC:D8,2020-07-04 15:33:14.742042,a91197b8-be2c-11ea-8038-dca63255fcd7,1,1,1,-40,0.5
50,DC:A6:32:55:FC:D8,2020-07-04 15:33:15.010636,a91197b8-be2c-11ea-8038-dca63255fcd7,1,1,1,-41,0.5
51,DC:A6:32:55:FC:D8,2020-07-04 15:33:16.039474,a91197b8-be2c-11ea-8038-dca63255fcd7,1,1,1,-41,0.5
0,DC:A6:32:55:FC:D8,2020-07-04 15:36:32.271790,a91197b8-be2c-11ea-8038-dca63255fcd7,1,1,1,-68,1.0
1,DC:A6:32:55:FC:D8,2020-07-04 15:36:33.020594,a91197b8-be2c-11ea-8038-dca63255fcd7,1,1,1,-69,1.0
2,DC:A6:32:55:FC:D8,2020-07-04 15:36:34.417478,a91197b8-be2c-11ea-8038-dca63255fcd7,1,1,1,-68,1.0
3,DC:A6:32:55:FC:D8,2020-07-04 15:36:35.073194,a91197b8-be2c-11ea-8038-dca63255fcd7,1,1,1,-68,1.0
4,DC:A6:32:55:FC:D8,2020-07-04 15:36:36.213678,a91197b8-be2c-11ea-8038-dca63255fcd7,1,1,1,-68,1.0
5,DC:A6:32:55:FC:D8,2020-07-04 15:36:37.142380,a91197b8-be2c-11ea-8038-dca63255fcd7,1,1,1,-70,1.0
6,DC:A6:32:55:FC:D8,2020-07-04 15:36:38.800571,a91197b8-be2c-11ea-8038-dca63255fcd7,1,1,1,-70,1.0
7,DC:A6:32:55:FC:D8,2020-07-04 15:36:39.003020,a91197b8-be2c-11ea-8038-dca63255fcd7,1,1,1,-68,1.0
8,DC:A6:32:55:FC:D8,2020-07-04 15:36:41.008217,a91197b8-be2c-11ea-8038-dca63255fcd7,1,1,1,-61,1.0
9,DC:A6:32:55:FC:D8,2020-07-04 15:36:42.049341,a91197b8-be2c-11ea-8038-dca63255fcd7,1,1,1,-60,1.0
10,DC:A6:32:55:FC:D8,2020-07-04 15:36:43.120570,a91197b8-be2c-11ea-8038-dca63255fcd7,1,1,1,-71,1.0
11,DC:A6:32:55:FC:D8,2020-07-04 15:36:44.495009,a91197b8-be2c-11ea-8038-dca63255fcd7,1,1,1,-70,1.0
12,DC:A6:32:55:FC:D8,2020-07-04 15:36:45.328218,a91197b8-be2c-11ea-8038-dca63255fcd7,1,1,1,-70,1.0
13,DC:A6:32:55:FC:D8,2020-07-04 15:36:46.279509,a91197b8-be2c-11ea-8038-dca63255fcd7,1,1,1,-68,1.0
14,DC:A6:32:55:FC:D8,2020-07-04 15:36:47.088180,a91197b8-be2c-11ea-8038-dca63255fcd7,1,1,1,-61,1.0
15,DC:A6:32:55:FC:D8,2020-07-04 15:36:49.093216,a91197b8-be2c-11ea-8038-dca63255fcd7,1,1,1,-68,1.0
16,DC:A6:32:55:FC:D8,2020-07-04 15:36:50.289549,a91197b8-be2c-11ea-8038-dca63255fcd7,1,1,1,-70,1.0
17,DC:A6:32:55:FC:D8,2020-07-04 15:36:51.695766,a91197b8-be2c-11ea-8038-dca63255fcd7,1,1,1,-70,1.0
18,DC:A6:32:55:FC:D8,2020-07-04 15:36:52.020652,a91197b8-be2c-11ea-8038-dca63255fcd7,1,1,1,-70,1.0
19,DC:A6:32:55:FC:D8,2020-07-04 15:36:53.272620,a91197b8-be2c-11ea-8038-dca63255fcd7,1,1,1,-61,1.0
20,DC:A6:32:55:FC:D8,2020-07-04 15:36:54.110822,a91197b8-be2c-11ea-8038-dca63255fcd7,1,1,1,-68,1.0
21,DC:A6:32:55:FC:D8,2020-07-04 15:36:55.412093,a91197b8-be2c-11ea-8038-dca63255fcd7,1,1,1,-62,1.0
22,DC:A6:32:55:FC:D8,2020-07-04 15:36:56.037614,a91197b8-be2c-11ea-8038-dca63255fcd7,1,1,1,-68,1.0
23,DC:A6:32:55:FC:D8,2020-07-04 15:36:58.043354,a91197b8-be2c-11ea-8038-dca63255fcd7,1,1,1,-61,1.0
24,DC:A6:32:55:FC:D8,2020-07-04 15:37:00.048522,a91197b8-be2c-11ea-8038-dca63255fcd7,1,1,1,-60,1.0
25,DC:A6:32:55:FC:D8,2020-07-04 15:37:02.053502,a91197b8-be2c-11ea-8038-dca63255fcd7,1,1,1,-68,1.0
26,DC:A6:32:55:FC:D8,2020-07-04 15:37:03.279083,a91197b8-be2c-11ea-8038-dca63255fcd7,1,1,1,-61,1.0
27,DC:A6:32:55:FC:D8,2020-07-04 15:37:04.088453,a91197b8-be2c-11ea-8038-dca63255fcd7,1,1,1,-67,1.0
28,DC:A6:32:55:FC:D8,2020-07-04 15:37:06.093545,a91197b8-be2c-11ea-8038-dca63255fcd7,1,1,1,-67,1.0
29,DC:A6:32:55:FC:D8,2020-07-04 15:37:07.145985,a91197b8-be2c-11ea-8038-dca63255fcd7,1,1,1,-60,1.0
30,DC:A6:32:55:FC:D8,2020-07-04 15:37:08.190920,a91197b8-be2c-11ea-8038-dca63255fcd7,1,1,1,-69,1.0
31,DC:A6:32:55:FC:D8,2020-07-04 15:37:10.196057,a91197b8-be2c-11ea-8038-dca63255fcd7,1,1,1,-67,1.0
32,DC:A6:32:55:FC:D8,2020-07-04 15:37:11.663547,a91197b8-be2c-11ea-8038-dca63255fcd7,1,1,1,-60,1.0
33,DC:A6:32:55:FC:D8,2020-07-04 15:37:12.095352,a91197b8-be2c-11ea-8038-dca63255fcd7,1,1,1,-69,1.0
34,DC:A6:32:55:FC:D8,2020-07-04 15:37:14.042190,a91197b8-be2c-11ea-8038-dca63255fcd7,1,1,1,-60,1.0
35,DC:A6:32:55:FC:D8,2020-07-04 15:37:15.276119,a91197b8-be2c-11ea-8038-dca63255fcd7,1,1,1,-60,1.0
36,DC:A6:32:55:FC:D8,2020-07-04 15:37:16.441002,a91197b8-be2c-11ea-8038-dca63255fcd7,1,1,1,-69,1.0
37,DC:A6:32:55:FC:D8,2020-07-04 15:37:17.113624,a91197b8-be2c-11ea-8038-dca63255fcd7,1,1,1,-70,1.0
38,DC:A6:32:55:FC:D8,2020-07-04 15:37:18.723607,a91197b8-be2c-11ea-8038-dca63255fcd7,1,1,1,-69,1.0
39,DC:A6:32:55:FC:D8,2020-07-04 15:37:19.102272,a91197b8-be2c-11ea-8038-dca63255fcd7,1,1,1,-70,1.0
40,DC:A6:32:55:FC:D8,2020-07-04 15:37:21.107467,a91197b8-be2c-11ea-8038-dca63255fcd7,1,1,1,-69,1.0
41,DC:A6:32:55:FC:D8,2020-07-04 15:37:22.076111,a91197b8-be2c-11ea-8038-dca63255fcd7,1,1,1,-71,1.0
42,DC:A6:32:55:FC:D8,2020-07-04 15:37:23.331079,a91197b8-be2c-11ea-8038-dca63255fcd7,1,1,1,-68,1.0
43,DC:A6:32:55:FC:D8,2020-07-04 15:37:24.068710,a91197b8-be2c-11ea-8038-dca63255fcd7,1,1,1,-71,1.0
44,DC:A6:32:55:FC:D8,2020-07-04 15:37:25.803758,a91197b8-be2c-11ea-8038-dca63255fcd7,1,1,1,-71,1.0
45,DC:A6:32:55:FC:D8,2020-07-04 15:37:26.031078,a91197b8-be2c-11ea-8038-dca63255fcd7,1,1,1,-60,1.0
46,DC:A6:32:55:FC:D8,2020-07-04 15:37:27.458045,a91197b8-be2c-11ea-8038-dca63255fcd7,1,1,1,-60,1.0
47,DC:A6:32:55:FC:D8,2020-07-04 15:37:28.072368,a91197b8-be2c-11ea-8038-dca63255fcd7,1,1,1,-70,1.0
48,DC:A6:32:55:FC:D8,2020-07-04 15:37:29.118742,a91197b8-be2c-11ea-8038-dca63255fcd7,1,1,1,-60,1.0
49,DC:A6:32:55:FC:D8,2020-07-04 15:37:30.098884,a91197b8-be2c-11ea-8038-dca63255fcd7,1,1,1,-60,1.0
50,DC:A6:32:55:FC:D8,2020-07-04 15:37:31.223757,a91197b8-be2c-11ea-8038-dca63255fcd7,1,1,1,-60,1.0
51,DC:A6:32:55:FC:D8,2020-07-04 15:37:32.246236,a91197b8-be2c-11ea-8038-dca63255fcd7,1,1,1,-59,1.0
0,DC:A6:32:55:FC:D8,2020-07-04 15:56:39.801758,a91197b8-be2c-11ea-8038-dca63255fcd7,1,1,1,-70,3.5
1,DC:A6:32:55:FC:D8,2020-07-04 15:56:40.057364,a91197b8-be2c-11ea-8038-dca63255fcd7,1,1,1,-71,3.5
2,DC:A6:32:55:FC:D8,2020-07-04 15:56:41.937642,a91197b8-be2c-11ea-8038-dca63255fcd7,1,1,1,-75,3.5
3,DC:A6:32:55:FC:D8,2020-07-04 15:56:42.037416,a91197b8-be2c-11ea-8038-dca63255fcd7,1,1,1,-70,3.5
4,DC:A6:32:55:FC:D8,2020-07-04 15:56:43.232464,a91197b8-be2c-11ea-8038-dca63255fcd7,1,1,1,-77,3.5
5,DC:A6:32:55:FC:D8,2020-07-04 15:56:44.497371,a91197b8-be2c-11ea-8038-dca63255fcd7,1,1,1,-71,3.5
6,DC:A6:32:55:FC:D8,2020-07-04 15:56:45.004836,a91197b8-be2c-11ea-8038-dca63255fcd7,1,1,1,-71,3.5
7,DC:A6:32:55:FC:D8,2020-07-04 15:56:46.226079,a91197b8-be2c-11ea-8038-dca63255fcd7,1,1,1,-76,3.5
8,DC:A6:32:55:FC:D8,2020-07-04 15:56:47.099038,a91197b8-be2c-11ea-8038-dca63255fcd7,1,1,1,-75,3.5
9,DC:A6:32:55:FC:D8,2020-07-04 15:56:48.745784,a91197b8-be2c-11ea-8038-dca63255fcd7,1,1,1,-71,3.5
10,DC:A6:32:55:FC:D8,2020-07-04 15:56:49.100697,a91197b8-be2c-11ea-8038-dca63255fcd7,1,1,1,-72,3.5
11,DC:A6:32:55:FC:D8,2020-07-04 15:56:50.132056,a91197b8-be2c-11ea-8038-dca63255fcd7,1,1,1,-56,3.5
12,DC:A6:32:55:FC:D8,2020-07-04 15:56:51.446939,a91197b8-be2c-11ea-8038-dca63255fcd7,1,1,1,-69,3.5
13,DC:A6:32:55:FC:D8,2020-07-04 15:56:52.344267,a91197b8-be2c-11ea-8038-dca63255fcd7,1,1,1,-71,3.5
14,DC:A6:32:55:FC:D8,2020-07-04 15:56:53.161698,a91197b8-be2c-11ea-8038-dca63255fcd7,1,1,1,-71,3.5
15,DC:A6:32:55:FC:D8,2020-07-04 15:56:55.120407,a91197b8-be2c-11ea-8038-dca63255fcd7,1,1,1,-69,3.5
16,DC:A6:32:55:FC:D8,2020-07-04 15:56:56.179771,a91197b8-be2c-11ea-8038-dca63255fcd7,1,1,1,-71,3.5
17,DC:A6:32:55:FC:D8,2020-07-04 15:56:58.185280,a91197b8-be2c-11ea-8038-dca63255fcd7,1,1,1,-70,3.5
18,DC:A6:32:55:FC:D8,2020-07-04 15:56:59.088896,a91197b8-be2c-11ea-8038-dca63255fcd7,1,1,1,-71,3.5
19,DC:A6:32:55:FC:D8,2020-07-04 15:57:00.642669,a91197b8-be2c-11ea-8038-dca63255fcd7,1,1,1,-71,3.5
20,DC:A6:32:55:FC:D8,2020-07-04 15:57:01.107680,a91197b8-be2c-11ea-8038-dca63255fcd7,1,1,1,-67,3.5
21,DC:A6:32:55:FC:D8,2020-07-04 15:57:03.112498,a91197b8-be2c-11ea-8038-dca63255fcd7,1,1,1,-72,3.5
22,DC:A6:32:55:FC:D8,2020-07-04 15:57:04.544925,a91197b8-be2c-11ea-8038-dca63255fcd7,1,1,1,-71,3.5
23,DC:A6:32:55:FC:D8,2020-07-04 15:57:05.173690,a91197b8-be2c-11ea-8038-dca63255fcd7,1,1,1,-76,3.5
24,DC:A6:32:55:FC:D8,2020-07-04 15:57:07.178563,a91197b8-be2c-11ea-8038-dca63255fcd7,1,1,1,-82,3.5
25,DC:A6:32:55:FC:D8,2020-07-04 15:57:08.187794,a91197b8-be2c-11ea-8038-dca63255fcd7,1,1,1,-73,3.5
26,DC:A6:32:55:FC:D8,2020-07-04 15:57:09.084694,a91197b8-be2c-11ea-8038-dca63255fcd7,1,1,1,-71,3.5
27,DC:A6:32:55:FC:D8,2020-07-04 15:57:11.004723,a91197b8-be2c-11ea-8038-dca63255fcd7,1,1,1,-71,3.5
28,DC:A6:32:55:FC:D8,2020-07-04 15:57:12.104545,a91197b8-be2c-11ea-8038-dca63255fcd7,1,1,1,-73,3.5
29,DC:A6:32:55:FC:D8,2020-07-04 15:57:13.215690,a91197b8-be2c-11ea-8038-dca63255fcd7,1,1,1,-74,3.5
30,DC:A6:32:55:FC:D8,2020-07-04 15:57:14.175691,a91197b8-be2c-11ea-8038-dca63255fcd7,1,1,1,-71,3.5
31,DC:A6:32:55:FC:D8,2020-07-04 15:57:16.180769,a91197b8-be2c-11ea-8038-dca63255fcd7,1,1,1,-73,3.5
32,DC:A6:32:55:FC:D8,2020-07-04 15:57:17.134393,a91197b8-be2c-11ea-8038-dca63255fcd7,1,1,1,-74,3.5
33,DC:A6:32:55:FC:D8,2020-07-04 15:57:18.035503,a91197b8-be2c-11ea-8038-dca63255fcd7,1,1,1,-72,3.5
34,DC:A6:32:55:FC:D8,2020-07-04 15:57:19.611877,a91197b8-be2c-11ea-8038-dca63255fcd7,1,1,1,-71,3.5
35,DC:A6:32:55:FC:D8,2020-07-04 15:57:20.110623,a91197b8-be2c-11ea-8038-dca63255fcd7,1,1,1,-73,3.5
36,DC:A6:32:55:FC:D8,2020-07-04 15:57:21.038095,a91197b8-be2c-11ea-8038-dca63255fcd7,1,1,1,-77,3.5
37,DC:A6:32:55:FC:D8,2020-07-04 15:57:22.858000,a91197b8-be2c-11ea-8038-dca63255fcd7,1,1,1,-75,3.5
38,DC:A6:32:55:FC:D8,2020-07-04 15:57:23.114110,a91197b8-be2c-11ea-8038-dca63255fcd7,1,1,1,-74,3.5
39,DC:A6:32:55:FC:D8,2020-07-04 15:57:24.676783,a91197b8-be2c-11ea-8038-dca63255fcd7,1,1,1,-72,3.5
40,DC:A6:32:55:FC:D8,2020-07-04 15:57:25.100353,a91197b8-be2c-11ea-8038-dca63255fcd7,1,1,1,-76,3.5
41,DC:A6:32:55:FC:D8,2020-07-04 15:57:26.080435,a91197b8-be2c-11ea-8038-dca63255fcd7,1,1,1,-71,3.5
42,DC:A6:32:55:FC:D8,2020-07-04 15:57:28.085388,a91197b8-be2c-11ea-8038-dca63255fcd7,1,1,1,-70,3.5
43,DC:A6:32:55:FC:D8,2020-07-04 15:57:29.390408,a91197b8-be2c-11ea-8038-dca63255fcd7,1,1,1,-73,3.5
44,DC:A6:32:55:FC:D8,2020-07-04 15:57:31.395359,a91197b8-be2c-11ea-8038-dca63255fcd7,1,1,1,-73,3.5
45,DC:A6:32:55:FC:D8,2020-07-04 15:57:32.852728,a91197b8-be2c-11ea-8038-dca63255fcd7,1,1,1,-75,3.5
46,DC:A6:32:55:FC:D8,2020-07-04 15:57:33.015118,a91197b8-be2c-11ea-8038-dca63255fcd7,1,1,1,-71,3.5
47,DC:A6:32:55:FC:D8,2020-07-04 15:57:35.020282,a91197b8-be2c-11ea-8038-dca63255fcd7,1,1,1,-71,3.5
48,DC:A6:32:55:FC:D8,2020-07-04 15:57:36.092765,a91197b8-be2c-11ea-8038-dca63255fcd7,1,1,1,-75,3.5
49,DC:A6:32:55:FC:D8,2020-07-04 15:57:37.002652,a91197b8-be2c-11ea-8038-dca63255fcd7,1,1,1,-75,3.5
50,DC:A6:32:55:FC:D8,2020-07-04 15:57:39.007680,a91197b8-be2c-11ea-8038-dca63255fcd7,1,1,1,-69,3.5
0,DC:A6:32:55:FC:D8,2020-07-04 15:44:25.791936,a91197b8-be2c-11ea-8038-dca63255fcd7,1,1,1,-77,1.5
1,DC:A6:32:55:FC:D8,2020-07-04 15:44:26.011999,a91197b8-be2c-11ea-8038-dca63255fcd7,1,1,1,-79,1.5
2,DC:A6:32:55:FC:D8,2020-07-04 15:44:27.757216,a91197b8-be2c-11ea-8038-dca63255fcd7,1,1,1,-67,1.5
3,DC:A6:32:55:FC:D8,2020-07-04 15:44:28.059708,a91197b8-be2c-11ea-8038-dca63255fcd7,1,1,1,-62,1.5
4,DC:A6:32:55:FC:D8,2020-07-04 15:44:29.254177,a91197b8-be2c-11ea-8038-dca63255fcd7,1,1,1,-62,1.5
5,DC:A6:32:55:FC:D8,2020-07-04 15:44:30.430499,a91197b8-be2c-11ea-8038-dca63255fcd7,1,1,1,-66,1.5
6,DC:A6:32:55:FC:D8,2020-07-04 15:44:31.160480,a91197b8-be2c-11ea-8038-dca63255fcd7,1,1,1,-77,1.5
7,DC:A6:32:55:FC:D8,2020-07-04 15:44:33.010554,a91197b8-be2c-11ea-8038-dca63255fcd7,1,1,1,-66,1.5
8,DC:A6:32:55:FC:D8,2020-07-04 15:44:34.021730,a91197b8-be2c-11ea-8038-dca63255fcd7,1,1,1,-66,1.5
9,DC:A6:32:55:FC:D8,2020-07-04 15:44:35.019349,a91197b8-be2c-11ea-8038-dca63255fcd7,1,1,1,-63,1.5
10,DC:A6:32:55:FC:D8,2020-07-04 15:44:37.024351,a91197b8-be2c-11ea-8038-dca63255fcd7,1,1,1,-67,1.5
11,DC:A6:32:55:FC:D8,2020-07-04 15:44:38.536845,a91197b8-be2c-11ea-8038-dca63255fcd7,1,1,1,-63,1.5
12,DC:A6:32:55:FC:D8,2020-07-04 15:44:39.373128,a91197b8-be2c-11ea-8038-dca63255fcd7,1,1,1,-73,1.5
13,DC:A6:32:55:FC:D8,2020-07-04 15:44:40.240682,a91197b8-be2c-11ea-8038-dca63255fcd7,1,1,1,-66,1.5
14,DC:A6:32:55:FC:D8,2020-07-04 15:44:41.279402,a91197b8-be2c-11ea-8038-dca63255fcd7,1,1,1,-67,1.5
15,DC:A6:32:55:FC:D8,2020-07-04 15:44:42.426864,a91197b8-be2c-11ea-8038-dca63255fcd7,1,1,1,-74,1.5
16,DC:A6:32:55:FC:D8,2020-07-04 15:44:43.464983,a91197b8-be2c-11ea-8038-dca63255fcd7,1,1,1,-74,1.5
17,DC:A6:32:55:FC:D8,2020-07-04 15:44:44.258164,a91197b8-be2c-11ea-8038-dca63255fcd7,1,1,1,-73,1.5
18,DC:A6:32:55:FC:D8,2020-07-04 15:44:46.263337,a91197b8-be2c-11ea-8038-dca63255fcd7,1,1,1,-67,1.5
19,DC:A6:32:55:FC:D8,2020-07-04 15:44:47.268812,a91197b8-be2c-11ea-8038-dca63255fcd7,1,1,1,-73,1.5
20,DC:A6:32:55:FC:D8,2020-07-04 15:44:48.520091,a91197b8-be2c-11ea-8038-dca63255fcd7,1,1,1,-66,1.5
21,DC:A6:32:55:FC:D8,2020-07-04 15:44:49.166383,a91197b8-be2c-11ea-8038-dca63255fcd7,1,1,1,-63,1.5
22,DC:A6:32:55:FC:D8,2020-07-04 15:44:51.172203,a91197b8-be2c-11ea-8038-dca63255fcd7,1,1,1,-67,1.5
23,DC:A6:32:55:FC:D8,2020-07-04 15:44:53.176569,a91197b8-be2c-11ea-8038-dca63255fcd7,1,1,1,-76,1.5
24,DC:A6:32:55:FC:D8,2020-07-04 15:44:54.013331,a91197b8-be2c-11ea-8038-dca63255fcd7,1,1,1,-63,1.5
25,DC:A6:32:55:FC:D8,2020-07-04 15:44:55.272328,a91197b8-be2c-11ea-8038-dca63255fcd7,1,1,1,-76,1.5
26,DC:A6:32:55:FC:D8,2020-07-04 15:44:57.141521,a91197b8-be2c-11ea-8038-dca63255fcd7,1,1,1,-75,1.5
27,DC:A6:32:55:FC:D8,2020-07-04 15:44:59.145474,a91197b8-be2c-11ea-8038-dca63255fcd7,1,1,1,-75,1.5
28,DC:A6:32:55:FC:D8,2020-07-04 15:45:00.009879,a91197b8-be2c-11ea-8038-dca63255fcd7,1,1,1,-66,1.5
29,DC:A6:32:55:FC:D8,2020-07-04 15:45:02.014953,a91197b8-be2c-11ea-8038-dca63255fcd7,1,1,1,-75,1.5
30,DC:A6:32:55:FC:D8,2020-07-04 15:45:04.019857,a91197b8-be2c-11ea-8038-dca63255fcd7,1,1,1,-76,1.5
31,DC:A6:32:55:FC:D8,2020-07-04 15:45:05.028701,a91197b8-be2c-11ea-8038-dca63255fcd7,1,1,1,-75,1.5
32,DC:A6:32:55:FC:D8,2020-07-04 15:45:06.285518,a91197b8-be2c-11ea-8038-dca63255fcd7,1,1,1,-64,1.5
33,DC:A6:32:55:FC:D8,2020-07-04 15:45:07.339895,a91197b8-be2c-11ea-8038-dca63255fcd7,1,1,1,-63,1.5
34,DC:A6:32:55:FC:D8,2020-07-04 15:45:08.491777,a91197b8-be2c-11ea-8038-dca63255fcd7,1,1,1,-63,1.5
35,DC:A6:32:55:FC:D8,2020-07-04 15:45:09.012943,a91197b8-be2c-11ea-8038-dca63255fcd7,1,1,1,-63,1.5
36,DC:A6:32:55:FC:D8,2020-07-04 15:45:11.017563,a91197b8-be2c-11ea-8038-dca63255fcd7,1,1,1,-76,1.5
37,DC:A6:32:55:FC:D8,2020-07-04 15:45:12.440052,a91197b8-be2c-11ea-8038-dca63255fcd7,1,1,1,-75,1.5
38,DC:A6:32:55:FC:D8,2020-07-04 15:45:14.116272,a91197b8-be2c-11ea-8038-dca63255fcd7,1,1,1,-75,1.5
39,DC:A6:32:55:FC:D8,2020-07-04 15:45:15.017555,a91197b8-be2c-11ea-8038-dca63255fcd7,1,1,1,-66,1.5
40,DC:A6:32:55:FC:D8,2020-07-04 15:45:17.022517,a91197b8-be2c-11ea-8038-dca63255fcd7,1,1,1,-75,1.5
41,DC:A6:32:55:FC:D8,2020-07-04 15:45:18.490102,a91197b8-be2c-11ea-8038-dca63255fcd7,1,1,1,-76,1.5
42,DC:A6:32:55:FC:D8,2020-07-04 15:45:19.050012,a91197b8-be2c-11ea-8038-dca63255fcd7,1,1,1,-77,1.5
43,DC:A6:32:55:FC:D8,2020-07-04 15:45:20.113959,a91197b8-be2c-11ea-8038-dca63255fcd7,1,1,1,-65,1.5
44,DC:A6:32:55:FC:D8,2020-07-04 15:45:22.118921,a91197b8-be2c-11ea-8038-dca63255fcd7,1,1,1,-63,1.5
45,DC:A6:32:55:FC:D8,2020-07-04 15:45:23.575467,a91197b8-be2c-11ea-8038-dca63255fcd7,1,1,1,-80,1.5
46,DC:A6:32:55:FC:D8,2020-07-04 15:45:24.062825,a91197b8-be2c-11ea-8038-dca63255fcd7,1,1,1,-79,1.5
47,DC:A6:32:55:FC:D8,2020-07-04 15:45:25.104565,a91197b8-be2c-11ea-8038-dca63255fcd7,1,1,1,-62,1.5
0,DC:A6:32:55:FC:D8,2020-07-04 16:01:40.444194,a91197b8-be2c-11ea-8038-dca63255fcd7,1,1,1,-79,4.5
1,DC:A6:32:55:FC:D8,2020-07-04 16:01:41.010894,a91197b8-be2c-11ea-8038-dca63255fcd7,1,1,1,-81,4.5
2,DC:A6:32:55:FC:D8,2020-07-04 16:01:43.015214,a91197b8-be2c-11ea-8038-dca63255fcd7,1,1,1,-81,4.5
3,DC:A6:32:55:FC:D8,2020-07-04 16:01:44.529998,a91197b8-be2c-11ea-8038-dca63255fcd7,1,1,1,-83,4.5
4,DC:A6:32:55:FC:D8,2020-07-04 16:01:45.196603,a91197b8-be2c-11ea-8038-dca63255fcd7,1,1,1,-83,4.5
5,DC:A6:32:55:FC:D8,2020-07-04 16:01:47.201926,a91197b8-be2c-11ea-8038-dca63255fcd7,1,1,1,-80,4.5
6,DC:A6:32:55:FC:D8,2020-07-04 16:01:48.579367,a91197b8-be2c-11ea-8038-dca63255fcd7,1,1,1,-81,4.5
7,DC:A6:32:55:FC:D8,2020-07-04 16:01:49.090672,a91197b8-be2c-11ea-8038-dca63255fcd7,1,1,1,-79,4.5
8,DC:A6:32:55:FC:D8,2020-07-04 16:01:50.345972,a91197b8-be2c-11ea-8038-dca63255fcd7,1,1,1,-83,4.5
9,DC:A6:32:55:FC:D8,2020-07-04 16:01:51.717254,a91197b8-be2c-11ea-8038-dca63255fcd7,1,1,1,-83,4.5
10,DC:A6:32:55:FC:D8,2020-07-04 16:01:52.098406,a91197b8-be2c-11ea-8038-dca63255fcd7,1,1,1,-78,4.5
11,DC:A6:32:55:FC:D8,2020-07-04 16:01:53.233584,a91197b8-be2c-11ea-8038-dca63255fcd7,1,1,1,-80,4.5
12,DC:A6:32:55:FC:D8,2020-07-04 16:01:54.009835,a91197b8-be2c-11ea-8038-dca63255fcd7,1,1,1,-81,4.5
13,DC:A6:32:55:FC:D8,2020-07-04 16:01:56.015287,a91197b8-be2c-11ea-8038-dca63255fcd7,1,1,1,-80,4.5
14,DC:A6:32:55:FC:D8,2020-07-04 16:01:58.020280,a91197b8-be2c-11ea-8038-dca63255fcd7,1,1,1,-80,4.5
15,DC:A6:32:55:FC:D8,2020-07-04 16:01:59.180366,a91197b8-be2c-11ea-8038-dca63255fcd7,1,1,1,-82,4.5
16,DC:A6:32:55:FC:D8,2020-07-04 16:02:01.185603,a91197b8-be2c-11ea-8038-dca63255fcd7,1,1,1,-80,4.5
17,DC:A6:32:55:FC:D8,2020-07-04 16:02:02.294492,a91197b8-be2c-11ea-8038-dca63255fcd7,1,1,1,-79,4.5
18,DC:A6:32:55:FC:D8,2020-07-04 16:02:03.067019,a91197b8-be2c-11ea-8038-dca63255fcd7,1,1,1,-78,4.5
19,DC:A6:32:55:FC:D8,2020-07-04 16:02:05.072276,a91197b8-be2c-11ea-8038-dca63255fcd7,1,1,1,-80,4.5
20,DC:A6:32:55:FC:D8,2020-07-04 16:02:07.077445,a91197b8-be2c-11ea-8038-dca63255fcd7,1,1,1,-79,4.5
21,DC:A6:32:55:FC:D8,2020-07-04 16:02:08.176257,a91197b8-be2c-11ea-8038-dca63255fcd7,1,1,1,-79,4.5
22,DC:A6:32:55:FC:D8,2020-07-04 16:02:09.386318,a91197b8-be2c-11ea-8038-dca63255fcd7,1,1,1,-82,4.5
23,DC:A6:32:55:FC:D8,2020-07-04 16:02:10.296391,a91197b8-be2c-11ea-8038-dca63255fcd7,1,1,1,-80,4.5
24,DC:A6:32:55:FC:D8,2020-07-04 16:02:11.209090,a91197b8-be2c-11ea-8038-dca63255fcd7,1,1,1,-83,4.5
25,DC:A6:32:55:FC:D8,2020-07-04 16:02:12.087833,a91197b8-be2c-11ea-8038-dca63255fcd7,1,1,1,-81,4.5
26,DC:A6:32:55:FC:D8,2020-07-04 16:02:13.391303,a91197b8-be2c-11ea-8038-dca63255fcd7,1,1,1,-80,4.5
27,DC:A6:32:55:FC:D8,2020-07-04 16:02:14.128021,a91197b8-be2c-11ea-8038-dca63255fcd7,1,1,1,-80,4.5
28,DC:A6:32:55:FC:D8,2020-07-04 16:02:15.317648,a91197b8-be2c-11ea-8038-dca63255fcd7,1,1,1,-79,4.5
29,DC:A6:32:55:FC:D8,2020-07-04 16:02:17.322776,a91197b8-be2c-11ea-8038-dca63255fcd7,1,1,1,-81,4.5
30,DC:A6:32:55:FC:D8,2020-07-04 16:02:18.002195,a91197b8-be2c-11ea-8038-dca63255fcd7,1,1,1,-78,4.5
31,DC:A6:32:55:FC:D8,2020-07-04 16:02:20.007473,a91197b8-be2c-11ea-8038-dca63255fcd7,1,1,1,-78,4.5
32,DC:A6:32:55:FC:D8,2020-07-04 16:02:22.012645,a91197b8-be2c-11ea-8038-dca63255fcd7,1,1,1,-82,4.5
33,DC:A6:32:55:FC:D8,2020-07-04 16:02:24.017859,a91197b8-be2c-11ea-8038-dca63255fcd7,1,1,1,-80,4.5
34,DC:A6:32:55:FC:D8,2020-07-04 16:02:25.068741,a91197b8-be2c-11ea-8038-dca63255fcd7,1,1,1,-82,4.5
35,DC:A6:32:55:FC:D8,2020-07-04 16:02:26.519367,a91197b8-be2c-11ea-8038-dca63255fcd7,1,1,1,-79,4.5
36,DC:A6:32:55:FC:D8,2020-07-04 16:02:27.494899,a91197b8-be2c-11ea-8038-dca63255fcd7,1,1,1,-78,4.5
37,DC:A6:32:55:FC:D8,2020-07-04 16:02:28.351944,a91197b8-be2c-11ea-8038-dca63255fcd7,1,1,1,-79,4.5
38,DC:A6:32:55:FC:D8,2020-07-04 16:02:29.180683,a91197b8-be2c-11ea-8038-dca63255fcd7,1,1,1,-80,4.5
39,DC:A6:32:55:FC:D8,2020-07-04 16:02:30.313284,a91197b8-be2c-11ea-8038-dca63255fcd7,1,1,1,-79,4.5
40,DC:A6:32:55:FC:D8,2020-07-04 16:02:31.108435,a91197b8-be2c-11ea-8038-dca63255fcd7,1,1,1,-77,4.5
41,DC:A6:32:55:FC:D8,2020-07-04 16:02:32.120976,a91197b8-be2c-11ea-8038-dca63255fcd7,1,1,1,-77,4.5
42,DC:A6:32:55:FC:D8,2020-07-04 16:02:33.122380,a91197b8-be2c-11ea-8038-dca63255fcd7,1,1,1,-80,4.5
43,DC:A6:32:55:FC:D8,2020-07-04 16:02:34.021161,a91197b8-be2c-11ea-8038-dca63255fcd7,1,1,1,-81,4.5
44,DC:A6:32:55:FC:D8,2020-07-04 16:02:35.271324,a91197b8-be2c-11ea-8038-dca63255fcd7,1,1,1,-79,4.5
45,DC:A6:32:55:FC:D8,2020-07-04 16:02:36.023997,a91197b8-be2c-11ea-8038-dca63255fcd7,1,1,1,-80,4.5
46,DC:A6:32:55:FC:D8,2020-07-04 16:02:37.073962,a91197b8-be2c-11ea-8038-dca63255fcd7,1,1,1,-80,4.5
47,DC:A6:32:55:FC:D8,2020-07-04 16:02:39.079167,a91197b8-be2c-11ea-8038-dca63255fcd7,1,1,1,-80,4.5
0,DC:A6:32:55:FC:D8,2020-07-04 15:50:04.733492,a91197b8-be2c-11ea-8038-dca63255fcd7,1,1,1,-70,2.5
1,DC:A6:32:55:FC:D8,2020-07-04 15:50:05.323221,a91197b8-be2c-11ea-8038-dca63255fcd7,1,1,1,-72,2.5
2,DC:A6:32:55:FC:D8,2020-07-04 15:50:07.205949,a91197b8-be2c-11ea-8038-dca63255fcd7,1,1,1,-68,2.5
3,DC:A6:32:55:FC:D8,2020-07-04 15:50:08.352123,a91197b8-be2c-11ea-8038-dca63255fcd7,1,1,1,-67,2.5
4,DC:A6:32:55:FC:D8,2020-07-04 15:50:09.698233,a91197b8-be2c-11ea-8038-dca63255fcd7,1,1,1,-71,2.5
5,DC:A6:32:55:FC:D8,2020-07-04 15:50:10.099385,a91197b8-be2c-11ea-8038-dca63255fcd7,1,1,1,-66,2.5
6,DC:A6:32:55:FC:D8,2020-07-04 15:50:11.002582,a91197b8-be2c-11ea-8038-dca63255fcd7,1,1,1,-70,2.5
7,DC:A6:32:55:FC:D8,2020-07-04 15:50:13.007839,a91197b8-be2c-11ea-8038-dca63255fcd7,1,1,1,-65,2.5
8,DC:A6:32:55:FC:D8,2020-07-04 15:50:15.012125,a91197b8-be2c-11ea-8038-dca63255fcd7,1,1,1,-68,2.5
9,DC:A6:32:55:FC:D8,2020-07-04 15:50:17.017458,a91197b8-be2c-11ea-8038-dca63255fcd7,1,1,1,-66,2.5
10,DC:A6:32:55:FC:D8,2020-07-04 15:50:18.471962,a91197b8-be2c-11ea-8038-dca63255fcd7,1,1,1,-66,2.5
11,DC:A6:32:55:FC:D8,2020-07-04 15:50:20.477601,a91197b8-be2c-11ea-8038-dca63255fcd7,1,1,1,-71,2.5
12,DC:A6:32:55:FC:D8,2020-07-04 15:50:21.309730,a91197b8-be2c-11ea-8038-dca63255fcd7,1,1,1,-73,2.5
13,DC:A6:32:55:FC:D8,2020-07-04 15:50:22.078207,a91197b8-be2c-11ea-8038-dca63255fcd7,1,1,1,-69,2.5
14,DC:A6:32:55:FC:D8,2020-07-04 15:50:23.418480,a91197b8-be2c-11ea-8038-dca63255fcd7,1,1,1,-66,2.5
15,DC:A6:32:55:FC:D8,2020-07-04 15:50:25.423766,a91197b8-be2c-11ea-8038-dca63255fcd7,1,1,1,-66,2.5
16,DC:A6:32:55:FC:D8,2020-07-04 15:50:26.048401,a91197b8-be2c-11ea-8038-dca63255fcd7,1,1,1,-66,2.5
17,DC:A6:32:55:FC:D8,2020-07-04 15:50:28.028486,a91197b8-be2c-11ea-8038-dca63255fcd7,1,1,1,-65,2.5
18,DC:A6:32:55:FC:D8,2020-07-04 15:50:29.184362,a91197b8-be2c-11ea-8038-dca63255fcd7,1,1,1,-71,2.5
19,DC:A6:32:55:FC:D8,2020-07-04 15:50:30.610087,a91197b8-be2c-11ea-8038-dca63255fcd7,1,1,1,-71,2.5
20,DC:A6:32:55:FC:D8,2020-07-04 15:50:31.071060,a91197b8-be2c-11ea-8038-dca63255fcd7,1,1,1,-65,2.5
21,DC:A6:32:55:FC:D8,2020-07-04 15:50:32.102268,a91197b8-be2c-11ea-8038-dca63255fcd7,1,1,1,-71,2.5
22,DC:A6:32:55:FC:D8,2020-07-04 15:50:33.047651,a91197b8-be2c-11ea-8038-dca63255fcd7,1,1,1,-71,2.5
23,DC:A6:32:55:FC:D8,2020-07-04 15:50:34.431451,a91197b8-be2c-11ea-8038-dca63255fcd7,1,1,1,-65,2.5
24,DC:A6:32:55:FC:D8,2020-07-04 15:50:35.531937,a91197b8-be2c-11ea-8038-dca63255fcd7,1,1,1,-71,2.5
25,DC:A6:32:55:FC:D8,2020-07-04 15:50:36.470320,a91197b8-be2c-11ea-8038-dca63255fcd7,1,1,1,-69,2.5
26,DC:A6:32:55:FC:D8,2020-07-04 15:50:37.012748,a91197b8-be2c-11ea-8038-dca63255fcd7,1,1,1,-66,2.5
27,DC:A6:32:55:FC:D8,2020-07-04 15:50:38.383966,a91197b8-be2c-11ea-8038-dca63255fcd7,1,1,1,-71,2.5
28,DC:A6:32:55:FC:D8,2020-07-04 15:50:39.191325,a91197b8-be2c-11ea-8038-dca63255fcd7,1,1,1,-69,2.5
29,DC:A6:32:55:FC:D8,2020-07-04 15:50:40.193869,a91197b8-be2c-11ea-8038-dca63255fcd7,1,1,1,-70,2.5
30,DC:A6:32:55:FC:D8,2020-07-04 15:50:41.081190,a91197b8-be2c-11ea-8038-dca63255fcd7,1,1,1,-65,2.5
31,DC:A6:32:55:FC:D8,2020-07-04 15:50:42.412370,a91197b8-be2c-11ea-8038-dca63255fcd7,1,1,1,-68,2.5
32,DC:A6:32:55:FC:D8,2020-07-04 15:50:44.051038,a91197b8-be2c-11ea-8038-dca63255fcd7,1,1,1,-71,2.5
33,DC:A6:32:55:FC:D8,2020-07-04 15:50:45.151066,a91197b8-be2c-11ea-8038-dca63255fcd7,1,1,1,-69,2.5
34,DC:A6:32:55:FC:D8,2020-07-04 15:50:46.180374,a91197b8-be2c-11ea-8038-dca63255fcd7,1,1,1,-71,2.5
35,DC:A6:32:55:FC:D8,2020-07-04 15:50:47.345299,a91197b8-be2c-11ea-8038-dca63255fcd7,1,1,1,-66,2.5
36,DC:A6:32:55:FC:D8,2020-07-04 15:50:48.692187,a91197b8-be2c-11ea-8038-dca63255fcd7,1,1,1,-70,2.5
37,DC:A6:32:55:FC:D8,2020-07-04 15:50:49.125165,a91197b8-be2c-11ea-8038-dca63255fcd7,1,1,1,-70,2.5
38,DC:A6:32:55:FC:D8,2020-07-04 15:50:50.370936,a91197b8-be2c-11ea-8038-dca63255fcd7,1,1,1,-65,2.5
39,DC:A6:32:55:FC:D8,2020-07-04 15:50:51.139551,a91197b8-be2c-11ea-8038-dca63255fcd7,1,1,1,-66,2.5
40,DC:A6:32:55:FC:D8,2020-07-04 15:50:52.577156,a91197b8-be2c-11ea-8038-dca63255fcd7,1,1,1,-70,2.5
41,DC:A6:32:55:FC:D8,2020-07-04 15:50:53.322123,a91197b8-be2c-11ea-8038-dca63255fcd7,1,1,1,-71,2.5
42,DC:A6:32:55:FC:D8,2020-07-04 15:50:54.143887,a91197b8-be2c-11ea-8038-dca63255fcd7,1,1,1,-65,2.5
43,DC:A6:32:55:FC:D8,2020-07-04 15:50:55.330956,a91197b8-be2c-11ea-8038-dca63255fcd7,1,1,1,-70,2.5
44,DC:A6:32:55:FC:D8,2020-07-04 15:50:56.785933,a91197b8-be2c-11ea-8038-dca63255fcd7,1,1,1,-70,2.5
45,DC:A6:32:55:FC:D8,2020-07-04 15:50:57.107097,a91197b8-be2c-11ea-8038-dca63255fcd7,1,1,1,-71,2.5
46,DC:A6:32:55:FC:D8,2020-07-04 15:50:58.359724,a91197b8-be2c-11ea-8038-dca63255fcd7,1,1,1,-70,2.5
47,DC:A6:32:55:FC:D8,2020-07-04 15:50:59.069695,a91197b8-be2c-11ea-8038-dca63255fcd7,1,1,1,-70,2.5
48,DC:A6:32:55:FC:D8,2020-07-04 15:51:00.222422,a91197b8-be2c-11ea-8038-dca63255fcd7,1,1,1,-68,2.5
49,DC:A6:32:55:FC:D8,2020-07-04 15:51:01.023733,a91197b8-be2c-11ea-8038-dca63255fcd7,1,1,1,-66,2.5
50,DC:A6:32:55:FC:D8,2020-07-04 15:51:03.028691,a91197b8-be2c-11ea-8038-dca63255fcd7,1,1,1,-70,2.5
51,DC:A6:32:55:FC:D8,2020-07-04 15:51:04.029348,a91197b8-be2c-11ea-8038-dca63255fcd7,1,1,1,-64,2.5
0,DC:A6:32:55:FC:D8,2020-07-04 15:58:55.001031,a91197b8-be2c-11ea-8038-dca63255fcd7,1,1,1,-87,4.0
1,DC:A6:32:55:FC:D8,2020-07-04 15:58:56.167303,a91197b8-be2c-11ea-8038-dca63255fcd7,1,1,1,-71,4.0
2,DC:A6:32:55:FC:D8,2020-07-04 15:58:57.170491,a91197b8-be2c-11ea-8038-dca63255fcd7,1,1,1,-72,4.0
3,DC:A6:32:55:FC:D8,2020-07-04 15:58:59.175631,a91197b8-be2c-11ea-8038-dca63255fcd7,1,1,1,-71,4.0
4,DC:A6:32:55:FC:D8,2020-07-04 15:59:00.213229,a91197b8-be2c-11ea-8038-dca63255fcd7,1,1,1,-75,4.0
5,DC:A6:32:55:FC:D8,2020-07-04 15:59:01.306916,a91197b8-be2c-11ea-8038-dca63255fcd7,1,1,1,-72,4.0
6,DC:A6:32:55:FC:D8,2020-07-04 15:59:02.112122,a91197b8-be2c-11ea-8038-dca63255fcd7,1,1,1,-72,4.0
7,DC:A6:32:55:FC:D8,2020-07-04 15:59:03.245780,a91197b8-be2c-11ea-8038-dca63255fcd7,1,1,1,-71,4.0
8,DC:A6:32:55:FC:D8,2020-07-04 15:59:04.062076,a91197b8-be2c-11ea-8038-dca63255fcd7,1,1,1,-72,4.0
9,DC:A6:32:55:FC:D8,2020-07-04 15:59:05.497257,a91197b8-be2c-11ea-8038-dca63255fcd7,1,1,1,-74,4.0
10,DC:A6:32:55:FC:D8,2020-07-04 15:59:06.275925,a91197b8-be2c-11ea-8038-dca63255fcd7,1,1,1,-74,4.0
11,DC:A6:32:55:FC:D8,2020-07-04 15:59:07.297175,a91197b8-be2c-11ea-8038-dca63255fcd7,1,1,1,-72,4.0
12,DC:A6:32:55:FC:D8,2020-07-04 15:59:08.204734,a91197b8-be2c-11ea-8038-dca63255fcd7,1,1,1,-73,4.0
13,DC:A6:32:55:FC:D8,2020-07-04 15:59:09.842380,a91197b8-be2c-11ea-8038-dca63255fcd7,1,1,1,-73,4.0
14,DC:A6:32:55:FC:D8,2020-07-04 15:59:10.010359,a91197b8-be2c-11ea-8038-dca63255fcd7,1,1,1,-74,4.0
15,DC:A6:32:55:FC:D8,2020-07-04 15:59:11.245010,a91197b8-be2c-11ea-8038-dca63255fcd7,1,1,1,-72,4.0
16,DC:A6:32:55:FC:D8,2020-07-04 15:59:12.077476,a91197b8-be2c-11ea-8038-dca63255fcd7,1,1,1,-72,4.0
17,DC:A6:32:55:FC:D8,2020-07-04 15:59:13.174958,a91197b8-be2c-11ea-8038-dca63255fcd7,1,1,1,-74,4.0
18,DC:A6:32:55:FC:D8,2020-07-04 15:59:14.520046,a91197b8-be2c-11ea-8038-dca63255fcd7,1,1,1,-73,4.0
19,DC:A6:32:55:FC:D8,2020-07-04 15:59:15.135690,a91197b8-be2c-11ea-8038-dca63255fcd7,1,1,1,-71,4.0
20,DC:A6:32:55:FC:D8,2020-07-04 15:59:16.076499,a91197b8-be2c-11ea-8038-dca63255fcd7,1,1,1,-73,4.0
21,DC:A6:32:55:FC:D8,2020-07-04 15:59:17.036417,a91197b8-be2c-11ea-8038-dca63255fcd7,1,1,1,-71,4.0
22,DC:A6:32:55:FC:D8,2020-07-04 15:59:18.385929,a91197b8-be2c-11ea-8038-dca63255fcd7,1,1,1,-72,4.0
23,DC:A6:32:55:FC:D8,2020-07-04 15:59:19.020292,a91197b8-be2c-11ea-8038-dca63255fcd7,1,1,1,-74,4.0
24,DC:A6:32:55:FC:D8,2020-07-04 15:59:20.035467,a91197b8-be2c-11ea-8038-dca63255fcd7,1,1,1,-74,4.0
25,DC:A6:32:55:FC:D8,2020-07-04 15:59:22.007898,a91197b8-be2c-11ea-8038-dca63255fcd7,1,1,1,-73,4.0
26,DC:A6:32:55:FC:D8,2020-07-04 15:59:23.093054,a91197b8-be2c-11ea-8038-dca63255fcd7,1,1,1,-72,4.0
27,DC:A6:32:55:FC:D8,2020-07-04 15:59:24.128140,a91197b8-be2c-11ea-8038-dca63255fcd7,1,1,1,-71,4.0
28,DC:A6:32:55:FC:D8,2020-07-04 15:59:25.462683,a91197b8-be2c-11ea-8038-dca63255fcd7,1,1,1,-71,4.0
29,DC:A6:32:55:FC:D8,2020-07-04 15:59:26.028241,a91197b8-be2c-11ea-8038-dca63255fcd7,1,1,1,-73,4.0
30,DC:A6:32:55:FC:D8,2020-07-04 15:59:27.094612,a91197b8-be2c-11ea-8038-dca63255fcd7,1,1,1,-72,4.0
31,DC:A6:32:55:FC:D8,2020-07-04 15:59:28.124540,a91197b8-be2c-11ea-8038-dca63255fcd7,1,1,1,-73,4.0
32,DC:A6:32:55:FC:D8,2020-07-04 15:59:30.128479,a91197b8-be2c-11ea-8038-dca63255fcd7,1,1,1,-71,4.0
33,DC:A6:32:55:FC:D8,2020-07-04 15:59:31.026074,a91197b8-be2c-11ea-8038-dca63255fcd7,1,1,1,-73,4.0
34,DC:A6:32:55:FC:D8,2020-07-04 15:59:32.156136,a91197b8-be2c-11ea-8038-dca63255fcd7,1,1,1,-71,4.0
35,DC:A6:32:55:FC:D8,2020-07-04 15:59:34.053666,a91197b8-be2c-11ea-8038-dca63255fcd7,1,1,1,-71,4.0
36,DC:A6:32:55:FC:D8,2020-07-04 15:59:35.148732,a91197b8-be2c-11ea-8038-dca63255fcd7,1,1,1,-72,4.0
37,DC:A6:32:55:FC:D8,2020-07-04 15:59:37.067704,a91197b8-be2c-11ea-8038-dca63255fcd7,1,1,1,-73,4.0
38,DC:A6:32:55:FC:D8,2020-07-04 15:59:38.017618,a91197b8-be2c-11ea-8038-dca63255fcd7,1,1,1,-93,4.0
39,DC:A6:32:55:FC:D8,2020-07-04 15:59:40.022802,a91197b8-be2c-11ea-8038-dca63255fcd7,1,1,1,-72,4.0
40,DC:A6:32:55:FC:D8,2020-07-04 15:59:41.456728,a91197b8-be2c-11ea-8038-dca63255fcd7,1,1,1,-72,4.0
41,DC:A6:32:55:FC:D8,2020-07-04 15:59:42.045375,a91197b8-be2c-11ea-8038-dca63255fcd7,1,1,1,-72,4.0
42,DC:A6:32:55:FC:D8,2020-07-04 15:59:43.118018,a91197b8-be2c-11ea-8038-dca63255fcd7,1,1,1,-72,4.0
43,DC:A6:32:55:FC:D8,2020-07-04 15:59:44.753083,a91197b8-be2c-11ea-8038-dca63255fcd7,1,1,1,-72,4.0
44,DC:A6:32:55:FC:D8,2020-07-04 15:59:45.013046,a91197b8-be2c-11ea-8038-dca63255fcd7,1,1,1,-72,4.0
45,DC:A6:32:55:FC:D8,2020-07-04 15:59:46.408877,a91197b8-be2c-11ea-8038-dca63255fcd7,1,1,1,-72,4.0
46,DC:A6:32:55:FC:D8,2020-07-04 15:59:47.304456,a91197b8-be2c-11ea-8038-dca63255fcd7,1,1,1,-72,4.0
47,DC:A6:32:55:FC:D8,2020-07-04 15:59:48.647737,a91197b8-be2c-11ea-8038-dca63255fcd7,1,1,1,-73,4.0
48,DC:A6:32:55:FC:D8,2020-07-04 15:59:49.255873,a91197b8-be2c-11ea-8038-dca63255fcd7,1,1,1,-72,4.0
49,DC:A6:32:55:FC:D8,2020-07-04 15:59:50.075908,a91197b8-be2c-11ea-8038-dca63255fcd7,1,1,1,-75,4.0
50,DC:A6:32:55:FC:D8,2020-07-04 15:59:51.066078,a91197b8-be2c-11ea-8038-dca63255fcd7,1,1,1,-72,4.0
51,DC:A6:32:55:FC:D8,2020-07-04 15:59:52.220400,a91197b8-be2c-11ea-8038-dca63255fcd7,1,1,1,-72,4.0
52,DC:A6:32:55:FC:D8,2020-07-04 15:59:53.586106,a91197b8-be2c-11ea-8038-dca63255fcd7,1,1,1,-73,4.0
53,DC:A6:32:55:FC:D8,2020-07-04 15:59:54.040750,a91197b8-be2c-11ea-8038-dca63255fcd7,1,1,1,-75,4.0
