SCAN,ADDRESS,TIMESTAMP,UUID,MAJOR,MINOR,TX POWER,RSSI,DISTANCE,SCENARIO
0,DC:A6:32:55:FC:D8,2020-07-13 20:16:07.817976,20359444-c561-11ea-9ad1-dca63255fcd7,1,1,1,-76,4.5,trans_hand_list
1,DC:A6:32:55:FC:D8,2020-07-13 20:16:08.048093,20359444-c561-11ea-9ad1-dca63255fcd7,1,1,1,-76,4.5,trans_hand_list
2,DC:A6:32:55:FC:D8,2020-07-13 20:16:10.003195,20359444-c561-11ea-9ad1-dca63255fcd7,1,1,1,-75,4.5,trans_hand_list
3,DC:A6:32:55:FC:D8,2020-07-13 20:16:12.023553,20359444-c561-11ea-9ad1-dca63255fcd7,1,1,1,-72,4.5,trans_hand_list
4,DC:A6:32:55:FC:D8,2020-07-13 20:16:13.022772,20359444-c561-11ea-9ad1-dca63255fcd7,1,1,1,-72,4.5,trans_hand_list
5,DC:A6:32:55:FC:D8,2020-07-13 20:16:15.028497,20359444-c561-11ea-9ad1-dca63255fcd7,1,1,1,-72,4.5,trans_hand_list
6,DC:A6:32:55:FC:D8,2020-07-13 20:16:16.547220,20359444-c561-11ea-9ad1-dca63255fcd7,1,1,1,-75,4.5,trans_hand_list
7,DC:A6:32:55:FC:D8,2020-07-13 20:16:17.863912,20359444-c561-11ea-9ad1-dca63255fcd7,1,1,1,-83,4.5,trans_hand_list
8,DC:A6:32:55:FC:D8,2020-07-13 20:16:18.003361,20359444-c561-11ea-9ad1-dca63255fcd7,1,1,1,-71,4.5,trans_hand_list
9,DC:A6:32:55:FC:D8,2020-07-13 20:16:19.159307,20359444-c561-11ea-9ad1-dca63255fcd7,1,1,1,-81,4.5,trans_hand_list
10,DC:A6:32:55:FC:D8,2020-07-13 20:16:20.069893,20359444-c561-11ea-9ad1-dca63255fcd7,1,1,1,-73,4.5,trans_hand_list
11,DC:A6:32:55:FC:D8,2020-07-13 20:16:21.080542,20359444-c561-11ea-9ad1-dca63255fcd7,1,1,1,-72,4.5,trans_hand_list
12,DC:A6:32:55:FC:D8,2020-07-13 20:16:23.085630,20359444-c561-11ea-9ad1-dca63255fcd7,1,1,1,-81,4.5,trans_hand_list
13,DC:A6:32:55:FC:D8,2020-07-13 20:16:24.161443,20359444-c561-11ea-9ad1-dca63255fcd7,1,1,1,-73,4.5,trans_hand_list
14,DC:A6:32:55:FC:D8,2020-07-13 20:16:26.166308,20359444-c561-11ea-9ad1-dca63255fcd7,1,1,1,-82,4.5,trans_hand_list
15,DC:A6:32:55:FC:D8,2020-07-13 20:16:27.420606,20359444-c561-11ea-9ad1-dca63255fcd7,1,1,1,-72,4.5,trans_hand_list
16,DC:A6:32:55:FC:D8,2020-07-13 20:16:28.338557,20359444-c561-11ea-9ad1-dca63255fcd7,1,1,1,-73,4.5,trans_hand_list
17,DC:A6:32:55:FC:D8,2020-07-13 20:16:29.042762,20359444-c561-11ea-9ad1-dca63255fcd7,1,1,1,-80,4.5,trans_hand_list
18,DC:A6:32:55:FC:D8,2020-07-13 20:16:31.047476,20359444-c561-11ea-9ad1-dca63255fcd7,1,1,1,-74,4.5,trans_hand_list
19,DC:A6:32:55:FC:D8,2020-07-13 20:16:32.136009,20359444-c561-11ea-9ad1-dca63255fcd7,1,1,1,-73,4.5,trans_hand_list
20,DC:A6:32:55:FC:D8,2020-07-13 20:16:33.148324,20359444-c561-11ea-9ad1-dca63255fcd7,1,1,1,-74,4.5,trans_hand_list
21,DC:A6:32:55:FC:D8,2020-07-13 20:16:34.907942,20359444-c561-11ea-9ad1-dca63255fcd7,1,1,1,-74,4.5,trans_hand_list
22,DC:A6:32:55:FC:D8,2020-07-13 20:16:35.027836,20359444-c561-11ea-9ad1-dca63255fcd7,1,1,1,-75,4.5,trans_hand_list
23,DC:A6:32:55:FC:D8,2020-07-13 20:16:37.032479,20359444-c561-11ea-9ad1-dca63255fcd7,1,1,1,-74,4.5,trans_hand_list
24,DC:A6:32:55:FC:D8,2020-07-13 20:16:38.037824,20359444-c561-11ea-9ad1-dca63255fcd7,1,1,1,-72,4.5,trans_hand_list
25,DC:A6:32:55:FC:D8,2020-07-13 20:16:39.699820,20359444-c561-11ea-9ad1-dca63255fcd7,1,1,1,-76,4.5,trans_hand_list
26,DC:A6:32:55:FC:D8,2020-07-13 20:16:40.028538,20359444-c561-11ea-9ad1-dca63255fcd7,1,1,1,-75,4.5,trans_hand_list
27,DC:A6:32:55:FC:D8,2020-07-13 20:16:41.163991,20359444-c561-11ea-9ad1-dca63255fcd7,1,1,1,-82,4.5,trans_hand_list
28,DC:A6:32:55:FC:D8,2020-07-13 20:16:42.290659,20359444-c561-11ea-9ad1-dca63255fcd7,1,1,1,-77,4.5,trans_hand_list
29,DC:A6:32:55:FC:D8,2020-07-13 20:16:44.296463,20359444-c561-11ea-9ad1-dca63255fcd7,1,1,1,-80,4.5,trans_hand_list
30,DC:A6:32:55:FC:D8,2020-07-13 20:16:45.342861,20359444-c561-11ea-9ad1-dca63255fcd7,1,1,1,-81,4.5,trans_hand_list
31,DC:A6:32:55:FC:D8,2020-07-13 20:16:46.655827,20359444-c561-11ea-9ad1-dca63255fcd7,1,1,1,-72,4.5,trans_hand_list
32,DC:A6:32:55:FC:D8,2020-07-13 20:16:47.043360,20359444-c561-11ea-9ad1-dca63255fcd7,1,1,1,-74,4.5,trans_hand_list
33,DC:A6:32:55:FC:D8,2020-07-13 20:16:48.672687,20359444-c561-11ea-9ad1-dca63255fcd7,1,1,1,-80,4.5,trans_hand_list
34,DC:A6:32:55:FC:D8,2020-07-13 20:16:49.102933,20359444-c561-11ea-9ad1-dca63255fcd7,1,1,1,-74,4.5,trans_hand_list
35,DC:A6:32:55:FC:D8,2020-07-13 20:16:50.028063,20359444-c561-11ea-9ad1-dca63255fcd7,1,1,1,-81,4.5,trans_hand_list
36,DC:A6:32:55:FC:D8,2020-07-13 20:16:51.391746,20359444-c561-11ea-9ad1-dca63255fcd7,1,1,1,-73,4.5,trans_hand_list
37,DC:A6:32:55:FC:D8,2020-07-13 20:16:52.009523,20359444-c561-11ea-9ad1-dca63255fcd7,1,1,1,-76,4.5,trans_hand_list
38,DC:A6:32:55:FC:D8,2020-07-13 20:16:54.013549,20359444-c561-11ea-9ad1-dca63255fcd7,1,1,1,-82,4.5,trans_hand_list
39,DC:A6:32:55:FC:D8,2020-07-13 20:16:55.292602,20359444-c561-11ea-9ad1-dca63255fcd7,1,1,1,-75,4.5,trans_hand_list
40,DC:A6:32:55:FC:D8,2020-07-13 20:16:56.363841,20359444-c561-11ea-9ad1-dca63255fcd7,1,1,1,-82,4.5,trans_hand_list
41,DC:A6:32:55:FC:D8,2020-07-13 20:16:57.605637,20359444-c561-11ea-9ad1-dca63255fcd7,1,1,1,-83,4.5,trans_hand_list
42,DC:A6:32:55:FC:D8,2020-07-13 20:16:58.003918,20359444-c561-11ea-9ad1-dca63255fcd7,1,1,1,-81,4.5,trans_hand_list
43,DC:A6:32:55:FC:D8,2020-07-13 20:16:59.097940,20359444-c561-11ea-9ad1-dca63255fcd7,1,1,1,-74,4.5,trans_hand_list
44,DC:A6:32:55:FC:D8,2020-07-13 20:17:01.102444,20359444-c561-11ea-9ad1-dca63255fcd7,1,1,1,-75,4.5,trans_hand_list
45,DC:A6:32:55:FC:D8,2020-07-13 20:17:03.106845,20359444-c561-11ea-9ad1-dca63255fcd7,1,1,1,-72,4.5,trans_hand_list
46,DC:A6:32:55:FC:D8,2020-07-13 20:17:04.328228,20359444-c561-11ea-9ad1-dca63255fcd7,1,1,1,-72,4.5,trans_hand_list
47,DC:A6:32:55:FC:D8,2020-07-13 20:17:05.071216,20359444-c561-11ea-9ad1-dca63255fcd7,1,1,1,-73,4.5,trans_hand_list
48,DC:A6:32:55:FC:D8,2020-07-13 20:17:07.075989,20359444-c561-11ea-9ad1-dca63255fcd7,1,1,1,-72,4.5,trans_hand_list
0,DC:A6:32:55:FC:D8,2020-07-13 20:19:26.574437,20359444-c561-11ea-9ad1-dca63255fcd7,1,1,1,-89,5.0,trans_hand_list
1,DC:A6:32:55:FC:D8,2020-07-13 20:19:27.216528,20359444-c561-11ea-9ad1-dca63255fcd7,1,1,1,-92,5.0,trans_hand_list
2,DC:A6:32:55:FC:D8,2020-07-13 20:19:28.013141,20359444-c561-11ea-9ad1-dca63255fcd7,1,1,1,-91,5.0,trans_hand_list
3,DC:A6:32:55:FC:D8,2020-07-13 20:19:30.018782,20359444-c561-11ea-9ad1-dca63255fcd7,1,1,1,-91,5.0,trans_hand_list
4,DC:A6:32:55:FC:D8,2020-07-13 20:19:31.470414,20359444-c561-11ea-9ad1-dca63255fcd7,1,1,1,-89,5.0,trans_hand_list
5,DC:A6:32:55:FC:D8,2020-07-13 20:19:32.172995,20359444-c561-11ea-9ad1-dca63255fcd7,1,1,1,-89,5.0,trans_hand_list
6,DC:A6:32:55:FC:D8,2020-07-13 20:19:33.003213,20359444-c561-11ea-9ad1-dca63255fcd7,1,1,1,-89,5.0,trans_hand_list
7,DC:A6:32:55:FC:D8,2020-07-13 20:19:34.189920,20359444-c561-11ea-9ad1-dca63255fcd7,1,1,1,-91,5.0,trans_hand_list
8,DC:A6:32:55:FC:D8,2020-07-13 20:19:35.189490,20359444-c561-11ea-9ad1-dca63255fcd7,1,1,1,-91,5.0,trans_hand_list
9,DC:A6:32:55:FC:D8,2020-07-13 20:19:36.014042,20359444-c561-11ea-9ad1-dca63255fcd7,1,1,1,-90,5.0,trans_hand_list
10,DC:A6:32:55:FC:D8,2020-07-13 20:19:38.019691,20359444-c561-11ea-9ad1-dca63255fcd7,1,1,1,-90,5.0,trans_hand_list
11,DC:A6:32:55:FC:D8,2020-07-13 20:19:39.082534,20359444-c561-11ea-9ad1-dca63255fcd7,1,1,1,-89,5.0,trans_hand_list
12,DC:A6:32:55:FC:D8,2020-07-13 20:19:40.441547,20359444-c561-11ea-9ad1-dca63255fcd7,1,1,1,-91,5.0,trans_hand_list
13,DC:A6:32:55:FC:D8,2020-07-13 20:19:41.264241,20359444-c561-11ea-9ad1-dca63255fcd7,1,1,1,-90,5.0,trans_hand_list
14,DC:A6:32:55:FC:D8,2020-07-13 20:19:42.402090,20359444-c561-11ea-9ad1-dca63255fcd7,1,1,1,-93,5.0,trans_hand_list
15,DC:A6:32:55:FC:D8,2020-07-13 20:19:44.030597,20359444-c561-11ea-9ad1-dca63255fcd7,1,1,1,-92,5.0,trans_hand_list
16,DC:A6:32:55:FC:D8,2020-07-13 20:19:45.457937,20359444-c561-11ea-9ad1-dca63255fcd7,1,1,1,-91,5.0,trans_hand_list
17,DC:A6:32:55:FC:D8,2020-07-13 20:19:46.224262,20359444-c561-11ea-9ad1-dca63255fcd7,1,1,1,-92,5.0,trans_hand_list
18,DC:A6:32:55:FC:D8,2020-07-13 20:19:48.229813,20359444-c561-11ea-9ad1-dca63255fcd7,1,1,1,-90,5.0,trans_hand_list
19,DC:A6:32:55:FC:D8,2020-07-13 20:19:49.027472,20359444-c561-11ea-9ad1-dca63255fcd7,1,1,1,-89,5.0,trans_hand_list
20,DC:A6:32:55:FC:D8,2020-07-13 20:19:51.033063,20359444-c561-11ea-9ad1-dca63255fcd7,1,1,1,-88,5.0,trans_hand_list
21,DC:A6:32:55:FC:D8,2020-07-13 20:19:53.038410,20359444-c561-11ea-9ad1-dca63255fcd7,1,1,1,-89,5.0,trans_hand_list
22,DC:A6:32:55:FC:D8,2020-07-13 20:19:54.176278,20359444-c561-11ea-9ad1-dca63255fcd7,1,1,1,-91,5.0,trans_hand_list
23,DC:A6:32:55:FC:D8,2020-07-13 20:19:55.027605,20359444-c561-11ea-9ad1-dca63255fcd7,1,1,1,-89,5.0,trans_hand_list
24,DC:A6:32:55:FC:D8,2020-07-13 20:19:56.236656,20359444-c561-11ea-9ad1-dca63255fcd7,1,1,1,-89,5.0,trans_hand_list
25,DC:A6:32:55:FC:D8,2020-07-13 20:19:58.242149,20359444-c561-11ea-9ad1-dca63255fcd7,1,1,1,-89,5.0,trans_hand_list
26,DC:A6:32:55:FC:D8,2020-07-13 20:20:00.111905,20359444-c561-11ea-9ad1-dca63255fcd7,1,1,1,-89,5.0,trans_hand_list
27,DC:A6:32:55:FC:D8,2020-07-13 20:20:02.116885,20359444-c561-11ea-9ad1-dca63255fcd7,1,1,1,-90,5.0,trans_hand_list
28,DC:A6:32:55:FC:D8,2020-07-13 20:20:03.869682,20359444-c561-11ea-9ad1-dca63255fcd7,1,1,1,-91,5.0,trans_hand_list
29,DC:A6:32:55:FC:D8,2020-07-13 20:20:04.002107,20359444-c561-11ea-9ad1-dca63255fcd7,1,1,1,-93,5.0,trans_hand_list
30,DC:A6:32:55:FC:D8,2020-07-13 20:20:06.007014,20359444-c561-11ea-9ad1-dca63255fcd7,1,1,1,-91,5.0,trans_hand_list
31,DC:A6:32:55:FC:D8,2020-07-13 20:20:08.011784,20359444-c561-11ea-9ad1-dca63255fcd7,1,1,1,-91,5.0,trans_hand_list
32,DC:A6:32:55:FC:D8,2020-07-13 20:20:09.330820,20359444-c561-11ea-9ad1-dca63255fcd7,1,1,1,-90,5.0,trans_hand_list
33,DC:A6:32:55:FC:D8,2020-07-13 20:20:11.336263,20359444-c561-11ea-9ad1-dca63255fcd7,1,1,1,-90,5.0,trans_hand_list
34,DC:A6:32:55:FC:D8,2020-07-13 20:20:13.332775,20359444-c561-11ea-9ad1-dca63255fcd7,1,1,1,-91,5.0,trans_hand_list
35,DC:A6:32:55:FC:D8,2020-07-13 20:20:15.338366,20359444-c561-11ea-9ad1-dca63255fcd7,1,1,1,-90,5.0,trans_hand_list
36,DC:A6:32:55:FC:D8,2020-07-13 20:20:16.200869,20359444-c561-11ea-9ad1-dca63255fcd7,1,1,1,-87,5.0,trans_hand_list
37,DC:A6:32:55:FC:D8,2020-07-13 20:20:17.033534,20359444-c561-11ea-9ad1-dca63255fcd7,1,1,1,-89,5.0,trans_hand_list
38,DC:A6:32:55:FC:D8,2020-07-13 20:20:18.132442,20359444-c561-11ea-9ad1-dca63255fcd7,1,1,1,-90,5.0,trans_hand_list
39,DC:A6:32:55:FC:D8,2020-07-13 20:20:19.310289,20359444-c561-11ea-9ad1-dca63255fcd7,1,1,1,-90,5.0,trans_hand_list
40,DC:A6:32:55:FC:D8,2020-07-13 20:20:21.315590,20359444-c561-11ea-9ad1-dca63255fcd7,1,1,1,-91,5.0,trans_hand_list
41,DC:A6:32:55:FC:D8,2020-07-13 20:20:22.020662,20359444-c561-11ea-9ad1-dca63255fcd7,1,1,1,-90,5.0,trans_hand_list
42,DC:A6:32:55:FC:D8,2020-07-13 20:20:23.651018,20359444-c561-11ea-9ad1-dca63255fcd7,1,1,1,-91,5.0,trans_hand_list
43,DC:A6:32:55:FC:D8,2020-07-13 20:20:24.152444,20359444-c561-11ea-9ad1-dca63255fcd7,1,1,1,-89,5.0,trans_hand_list
44,DC:A6:32:55:FC:D8,2020-07-13 20:20:26.157737,20359444-c561-11ea-9ad1-dca63255fcd7,1,1,1,-91,5.0,trans_hand_list
0,DC:A6:32:55:FC:D8,2020-07-13 19:53:22.069888,20359444-c561-11ea-9ad1-dca63255fcd7,1,1,1,-55,1.0,trans_hand_list
1,DC:A6:32:55:FC:D8,2020-07-13 19:53:23.145012,20359444-c561-11ea-9ad1-dca63255fcd7,1,1,1,-59,1.0,trans_hand_list
2,DC:A6:32:55:FC:D8,2020-07-13 19:53:25.150008,20359444-c561-11ea-9ad1-dca63255fcd7,1,1,1,-55,1.0,trans_hand_list
3,DC:A6:32:55:FC:D8,2020-07-13 19:53:27.155000,20359444-c561-11ea-9ad1-dca63255fcd7,1,1,1,-57,1.0,trans_hand_list
4,DC:A6:32:55:FC:D8,2020-07-13 19:53:29.159903,20359444-c561-11ea-9ad1-dca63255fcd7,1,1,1,-56,1.0,trans_hand_list
5,DC:A6:32:55:FC:D8,2020-07-13 19:53:31.165012,20359444-c561-11ea-9ad1-dca63255fcd7,1,1,1,-58,1.0,trans_hand_list
6,DC:A6:32:55:FC:D8,2020-07-13 19:53:33.170035,20359444-c561-11ea-9ad1-dca63255fcd7,1,1,1,-57,1.0,trans_hand_list
7,DC:A6:32:55:FC:D8,2020-07-13 19:53:35.175057,20359444-c561-11ea-9ad1-dca63255fcd7,1,1,1,-57,1.0,trans_hand_list
8,DC:A6:32:55:FC:D8,2020-07-13 19:53:36.046138,20359444-c561-11ea-9ad1-dca63255fcd7,1,1,1,-59,1.0,trans_hand_list
9,DC:A6:32:55:FC:D8,2020-07-13 19:53:38.051144,20359444-c561-11ea-9ad1-dca63255fcd7,1,1,1,-58,1.0,trans_hand_list
10,DC:A6:32:55:FC:D8,2020-07-13 19:53:40.056246,20359444-c561-11ea-9ad1-dca63255fcd7,1,1,1,-59,1.0,trans_hand_list
11,DC:A6:32:55:FC:D8,2020-07-13 19:53:41.009968,20359444-c561-11ea-9ad1-dca63255fcd7,1,1,1,-55,1.0,trans_hand_list
12,DC:A6:32:55:FC:D8,2020-07-13 19:53:43.013550,20359444-c561-11ea-9ad1-dca63255fcd7,1,1,1,-57,1.0,trans_hand_list
13,DC:A6:32:55:FC:D8,2020-07-13 19:53:44.594236,20359444-c561-11ea-9ad1-dca63255fcd7,1,1,1,-59,1.0,trans_hand_list
14,DC:A6:32:55:FC:D8,2020-07-13 19:53:45.343780,20359444-c561-11ea-9ad1-dca63255fcd7,1,1,1,-58,1.0,trans_hand_list
15,DC:A6:32:55:FC:D8,2020-07-13 19:53:47.348722,20359444-c561-11ea-9ad1-dca63255fcd7,1,1,1,-59,1.0,trans_hand_list
16,DC:A6:32:55:FC:D8,2020-07-13 19:53:49.353613,20359444-c561-11ea-9ad1-dca63255fcd7,1,1,1,-60,1.0,trans_hand_list
17,DC:A6:32:55:FC:D8,2020-07-13 19:53:50.103687,20359444-c561-11ea-9ad1-dca63255fcd7,1,1,1,-59,1.0,trans_hand_list
18,DC:A6:32:55:FC:D8,2020-07-13 19:53:51.744288,20359444-c561-11ea-9ad1-dca63255fcd7,1,1,1,-56,1.0,trans_hand_list
19,DC:A6:32:55:FC:D8,2020-07-13 19:53:52.007378,20359444-c561-11ea-9ad1-dca63255fcd7,1,1,1,-59,1.0,trans_hand_list
20,DC:A6:32:55:FC:D8,2020-07-13 19:53:54.012427,20359444-c561-11ea-9ad1-dca63255fcd7,1,1,1,-56,1.0,trans_hand_list
21,DC:A6:32:55:FC:D8,2020-07-13 19:53:56.017481,20359444-c561-11ea-9ad1-dca63255fcd7,1,1,1,-55,1.0,trans_hand_list
22,DC:A6:32:55:FC:D8,2020-07-13 19:53:58.022461,20359444-c561-11ea-9ad1-dca63255fcd7,1,1,1,-56,1.0,trans_hand_list
23,DC:A6:32:55:FC:D8,2020-07-13 19:53:59.192334,20359444-c561-11ea-9ad1-dca63255fcd7,1,1,1,-59,1.0,trans_hand_list
24,DC:A6:32:55:FC:D8,2020-07-13 19:54:00.004881,20359444-c561-11ea-9ad1-dca63255fcd7,1,1,1,-61,1.0,trans_hand_list
25,DC:A6:32:55:FC:D8,2020-07-13 19:54:02.010039,20359444-c561-11ea-9ad1-dca63255fcd7,1,1,1,-59,1.0,trans_hand_list
26,DC:A6:32:55:FC:D8,2020-07-13 19:54:04.014851,20359444-c561-11ea-9ad1-dca63255fcd7,1,1,1,-55,1.0,trans_hand_list
27,DC:A6:32:55:FC:D8,2020-07-13 19:54:06.020045,20359444-c561-11ea-9ad1-dca63255fcd7,1,1,1,-58,1.0,trans_hand_list
28,DC:A6:32:55:FC:D8,2020-07-13 19:54:07.714243,20359444-c561-11ea-9ad1-dca63255fcd7,1,1,1,-58,1.0,trans_hand_list
29,DC:A6:32:55:FC:D8,2020-07-13 19:54:08.043552,20359444-c561-11ea-9ad1-dca63255fcd7,1,1,1,-57,1.0,trans_hand_list
30,DC:A6:32:55:FC:D8,2020-07-13 19:54:09.133551,20359444-c561-11ea-9ad1-dca63255fcd7,1,1,1,-57,1.0,trans_hand_list
31,DC:A6:32:55:FC:D8,2020-07-13 19:54:11.138809,20359444-c561-11ea-9ad1-dca63255fcd7,1,1,1,-57,1.0,trans_hand_list
32,DC:A6:32:55:FC:D8,2020-07-13 19:54:12.391172,20359444-c561-11ea-9ad1-dca63255fcd7,1,1,1,-57,1.0,trans_hand_list
33,DC:A6:32:55:FC:D8,2020-07-13 19:54:14.396111,20359444-c561-11ea-9ad1-dca63255fcd7,1,1,1,-57,1.0,trans_hand_list
34,DC:A6:32:55:FC:D8,2020-07-13 19:54:15.089862,20359444-c561-11ea-9ad1-dca63255fcd7,1,1,1,-57,1.0,trans_hand_list
35,DC:A6:32:55:FC:D8,2020-07-13 19:54:16.063673,20359444-c561-11ea-9ad1-dca63255fcd7,1,1,1,-57,1.0,trans_hand_list
36,DC:A6:32:55:FC:D8,2020-07-13 19:54:17.029823,20359444-c561-11ea-9ad1-dca63255fcd7,1,1,1,-57,1.0,trans_hand_list
37,DC:A6:32:55:FC:D8,2020-07-13 19:54:19.034891,20359444-c561-11ea-9ad1-dca63255fcd7,1,1,1,-60,1.0,trans_hand_list
38,DC:A6:32:55:FC:D8,2020-07-13 19:54:20.108654,20359444-c561-11ea-9ad1-dca63255fcd7,1,1,1,-60,1.0,trans_hand_list
0,DC:A6:32:55:FC:D8,2020-07-13 20:09:11.913154,20359444-c561-11ea-9ad1-dca63255fcd7,1,1,1,-74,3.5,trans_hand_list
1,DC:A6:32:55:FC:D8,2020-07-13 20:09:12.053909,20359444-c561-11ea-9ad1-dca63255fcd7,1,1,1,-78,3.5,trans_hand_list
2,DC:A6:32:55:FC:D8,2020-07-13 20:09:13.096272,20359444-c561-11ea-9ad1-dca63255fcd7,1,1,1,-73,3.5,trans_hand_list
3,DC:A6:32:55:FC:D8,2020-07-13 20:09:14.427326,20359444-c561-11ea-9ad1-dca63255fcd7,1,1,1,-73,3.5,trans_hand_list
4,DC:A6:32:55:FC:D8,2020-07-13 20:09:16.432436,20359444-c561-11ea-9ad1-dca63255fcd7,1,1,1,-73,3.5,trans_hand_list
5,DC:A6:32:55:FC:D8,2020-07-13 20:09:17.182209,20359444-c561-11ea-9ad1-dca63255fcd7,1,1,1,-74,3.5,trans_hand_list
6,DC:A6:32:55:FC:D8,2020-07-13 20:09:18.078462,20359444-c561-11ea-9ad1-dca63255fcd7,1,1,1,-72,3.5,trans_hand_list
7,DC:A6:32:55:FC:D8,2020-07-13 20:09:19.395102,20359444-c561-11ea-9ad1-dca63255fcd7,1,1,1,-72,3.5,trans_hand_list
8,DC:A6:32:55:FC:D8,2020-07-13 20:09:20.193741,20359444-c561-11ea-9ad1-dca63255fcd7,1,1,1,-83,3.5,trans_hand_list
9,DC:A6:32:55:FC:D8,2020-07-13 20:09:21.365665,20359444-c561-11ea-9ad1-dca63255fcd7,1,1,1,-72,3.5,trans_hand_list
10,DC:A6:32:55:FC:D8,2020-07-13 20:09:23.370754,20359444-c561-11ea-9ad1-dca63255fcd7,1,1,1,-72,3.5,trans_hand_list
11,DC:A6:32:55:FC:D8,2020-07-13 20:09:24.047419,20359444-c561-11ea-9ad1-dca63255fcd7,1,1,1,-84,3.5,trans_hand_list
12,DC:A6:32:55:FC:D8,2020-07-13 20:09:26.052429,20359444-c561-11ea-9ad1-dca63255fcd7,1,1,1,-85,3.5,trans_hand_list
13,DC:A6:32:55:FC:D8,2020-07-13 20:09:28.057355,20359444-c561-11ea-9ad1-dca63255fcd7,1,1,1,-72,3.5,trans_hand_list
14,DC:A6:32:55:FC:D8,2020-07-13 20:09:29.027981,20359444-c561-11ea-9ad1-dca63255fcd7,1,1,1,-84,3.5,trans_hand_list
15,DC:A6:32:55:FC:D8,2020-07-13 20:09:31.032825,20359444-c561-11ea-9ad1-dca63255fcd7,1,1,1,-71,3.5,trans_hand_list
16,DC:A6:32:55:FC:D8,2020-07-13 20:09:33.037762,20359444-c561-11ea-9ad1-dca63255fcd7,1,1,1,-71,3.5,trans_hand_list
17,DC:A6:32:55:FC:D8,2020-07-13 20:09:35.042749,20359444-c561-11ea-9ad1-dca63255fcd7,1,1,1,-83,3.5,trans_hand_list
18,DC:A6:32:55:FC:D8,2020-07-13 20:09:37.047562,20359444-c561-11ea-9ad1-dca63255fcd7,1,1,1,-84,3.5,trans_hand_list
19,DC:A6:32:55:FC:D8,2020-07-13 20:09:38.686030,20359444-c561-11ea-9ad1-dca63255fcd7,1,1,1,-73,3.5,trans_hand_list
20,DC:A6:32:55:FC:D8,2020-07-13 20:09:39.126847,20359444-c561-11ea-9ad1-dca63255fcd7,1,1,1,-72,3.5,trans_hand_list
21,DC:A6:32:55:FC:D8,2020-07-13 20:09:41.132335,20359444-c561-11ea-9ad1-dca63255fcd7,1,1,1,-73,3.5,trans_hand_list
22,DC:A6:32:55:FC:D8,2020-07-13 20:09:42.106622,20359444-c561-11ea-9ad1-dca63255fcd7,1,1,1,-73,3.5,trans_hand_list
23,DC:A6:32:55:FC:D8,2020-07-13 20:09:44.111602,20359444-c561-11ea-9ad1-dca63255fcd7,1,1,1,-73,3.5,trans_hand_list
24,DC:A6:32:55:FC:D8,2020-07-13 20:09:45.058175,20359444-c561-11ea-9ad1-dca63255fcd7,1,1,1,-82,3.5,trans_hand_list
25,DC:A6:32:55:FC:D8,2020-07-13 20:09:46.382687,20359444-c561-11ea-9ad1-dca63255fcd7,1,1,1,-72,3.5,trans_hand_list
26,DC:A6:32:55:FC:D8,2020-07-13 20:09:48.387579,20359444-c561-11ea-9ad1-dca63255fcd7,1,1,1,-71,3.5,trans_hand_list
27,DC:A6:32:55:FC:D8,2020-07-13 20:09:49.541949,20359444-c561-11ea-9ad1-dca63255fcd7,1,1,1,-71,3.5,trans_hand_list
28,DC:A6:32:55:FC:D8,2020-07-13 20:09:50.234767,20359444-c561-11ea-9ad1-dca63255fcd7,1,1,1,-71,3.5,trans_hand_list
29,DC:A6:32:55:FC:D8,2020-07-13 20:09:52.152022,20359444-c561-11ea-9ad1-dca63255fcd7,1,1,1,-78,3.5,trans_hand_list
30,DC:A6:32:55:FC:D8,2020-07-13 20:09:54.156998,20359444-c561-11ea-9ad1-dca63255fcd7,1,1,1,-72,3.5,trans_hand_list
31,DC:A6:32:55:FC:D8,2020-07-13 20:09:56.162894,20359444-c561-11ea-9ad1-dca63255fcd7,1,1,1,-70,3.5,trans_hand_list
32,DC:A6:32:55:FC:D8,2020-07-13 20:09:58.167809,20359444-c561-11ea-9ad1-dca63255fcd7,1,1,1,-76,3.5,trans_hand_list
33,DC:A6:32:55:FC:D8,2020-07-13 20:10:00.172635,20359444-c561-11ea-9ad1-dca63255fcd7,1,1,1,-86,3.5,trans_hand_list
34,DC:A6:32:55:FC:D8,2020-07-13 20:10:02.073040,20359444-c561-11ea-9ad1-dca63255fcd7,1,1,1,-88,3.5,trans_hand_list
35,DC:A6:32:55:FC:D8,2020-07-13 20:10:03.439893,20359444-c561-11ea-9ad1-dca63255fcd7,1,1,1,-88,3.5,trans_hand_list
36,DC:A6:32:55:FC:D8,2020-07-13 20:10:04.547416,20359444-c561-11ea-9ad1-dca63255fcd7,1,1,1,-71,3.5,trans_hand_list
37,DC:A6:32:55:FC:D8,2020-07-13 20:10:05.038777,20359444-c561-11ea-9ad1-dca63255fcd7,1,1,1,-70,3.5,trans_hand_list
38,DC:A6:32:55:FC:D8,2020-07-13 20:10:07.043027,20359444-c561-11ea-9ad1-dca63255fcd7,1,1,1,-76,3.5,trans_hand_list
39,DC:A6:32:55:FC:D8,2020-07-13 20:10:09.048511,20359444-c561-11ea-9ad1-dca63255fcd7,1,1,1,-71,3.5,trans_hand_list
40,DC:A6:32:55:FC:D8,2020-07-13 20:10:10.058958,20359444-c561-11ea-9ad1-dca63255fcd7,1,1,1,-71,3.5,trans_hand_list
41,DC:A6:32:55:FC:D8,2020-07-13 20:10:11.108197,20359444-c561-11ea-9ad1-dca63255fcd7,1,1,1,-86,3.5,trans_hand_list
0,DC:A6:32:55:FC:D8,2020-07-13 19:57:24.085365,20359444-c561-11ea-9ad1-dca63255fcd7,1,1,1,-74,2.0,trans_hand_list
1,DC:A6:32:55:FC:D8,2020-07-13 19:57:26.019434,20359444-c561-11ea-9ad1-dca63255fcd7,1,1,1,-85,2.0,trans_hand_list
2,DC:A6:32:55:FC:D8,2020-07-13 19:57:28.024281,20359444-c561-11ea-9ad1-dca63255fcd7,1,1,1,-79,2.0,trans_hand_list
3,DC:A6:32:55:FC:D8,2020-07-13 19:57:29.160441,20359444-c561-11ea-9ad1-dca63255fcd7,1,1,1,-86,2.0,trans_hand_list
4,DC:A6:32:55:FC:D8,2020-07-13 19:57:30.353088,20359444-c561-11ea-9ad1-dca63255fcd7,1,1,1,-79,2.0,trans_hand_list
5,DC:A6:32:55:FC:D8,2020-07-13 19:57:31.074237,20359444-c561-11ea-9ad1-dca63255fcd7,1,1,1,-81,2.0,trans_hand_list
6,DC:A6:32:55:FC:D8,2020-07-13 19:57:32.354334,20359444-c561-11ea-9ad1-dca63255fcd7,1,1,1,-88,2.0,trans_hand_list
7,DC:A6:32:55:FC:D8,2020-07-13 19:57:33.164236,20359444-c561-11ea-9ad1-dca63255fcd7,1,1,1,-87,2.0,trans_hand_list
8,DC:A6:32:55:FC:D8,2020-07-13 19:57:35.169409,20359444-c561-11ea-9ad1-dca63255fcd7,1,1,1,-78,2.0,trans_hand_list
9,DC:A6:32:55:FC:D8,2020-07-13 19:57:36.679342,20359444-c561-11ea-9ad1-dca63255fcd7,1,1,1,-74,2.0,trans_hand_list
10,DC:A6:32:55:FC:D8,2020-07-13 19:57:37.011696,20359444-c561-11ea-9ad1-dca63255fcd7,1,1,1,-84,2.0,trans_hand_list
11,DC:A6:32:55:FC:D8,2020-07-13 19:57:38.406821,20359444-c561-11ea-9ad1-dca63255fcd7,1,1,1,-85,2.0,trans_hand_list
12,DC:A6:32:55:FC:D8,2020-07-13 19:57:39.123076,20359444-c561-11ea-9ad1-dca63255fcd7,1,1,1,-74,2.0,trans_hand_list
13,DC:A6:32:55:FC:D8,2020-07-13 19:57:40.611898,20359444-c561-11ea-9ad1-dca63255fcd7,1,1,1,-85,2.0,trans_hand_list
14,DC:A6:32:55:FC:D8,2020-07-13 19:57:41.091119,20359444-c561-11ea-9ad1-dca63255fcd7,1,1,1,-85,2.0,trans_hand_list
15,DC:A6:32:55:FC:D8,2020-07-13 19:57:43.095534,20359444-c561-11ea-9ad1-dca63255fcd7,1,1,1,-77,2.0,trans_hand_list
16,DC:A6:32:55:FC:D8,2020-07-13 19:57:45.100593,20359444-c561-11ea-9ad1-dca63255fcd7,1,1,1,-79,2.0,trans_hand_list
17,DC:A6:32:55:FC:D8,2020-07-13 19:57:47.105085,20359444-c561-11ea-9ad1-dca63255fcd7,1,1,1,-82,2.0,trans_hand_list
18,DC:A6:32:55:FC:D8,2020-07-13 19:57:48.168035,20359444-c561-11ea-9ad1-dca63255fcd7,1,1,1,-93,2.0,trans_hand_list
19,DC:A6:32:55:FC:D8,2020-07-13 19:57:49.141762,20359444-c561-11ea-9ad1-dca63255fcd7,1,1,1,-79,2.0,trans_hand_list
20,DC:A6:32:55:FC:D8,2020-07-13 19:57:51.146277,20359444-c561-11ea-9ad1-dca63255fcd7,1,1,1,-81,2.0,trans_hand_list
21,DC:A6:32:55:FC:D8,2020-07-13 19:57:53.151861,20359444-c561-11ea-9ad1-dca63255fcd7,1,1,1,-89,2.0,trans_hand_list
22,DC:A6:32:55:FC:D8,2020-07-13 19:57:55.156875,20359444-c561-11ea-9ad1-dca63255fcd7,1,1,1,-87,2.0,trans_hand_list
23,DC:A6:32:55:FC:D8,2020-07-13 19:57:56.237569,20359444-c561-11ea-9ad1-dca63255fcd7,1,1,1,-88,2.0,trans_hand_list
24,DC:A6:32:55:FC:D8,2020-07-13 19:57:58.241911,20359444-c561-11ea-9ad1-dca63255fcd7,1,1,1,-85,2.0,trans_hand_list
25,DC:A6:32:55:FC:D8,2020-07-13 19:57:59.871953,20359444-c561-11ea-9ad1-dca63255fcd7,1,1,1,-80,2.0,trans_hand_list
26,DC:A6:32:55:FC:D8,2020-07-13 19:58:00.001825,20359444-c561-11ea-9ad1-dca63255fcd7,1,1,1,-77,2.0,trans_hand_list
27,DC:A6:32:55:FC:D8,2020-07-13 19:58:01.241922,20359444-c561-11ea-9ad1-dca63255fcd7,1,1,1,-76,2.0,trans_hand_list
28,DC:A6:32:55:FC:D8,2020-07-13 19:58:02.011904,20359444-c561-11ea-9ad1-dca63255fcd7,1,1,1,-86,2.0,trans_hand_list
29,DC:A6:32:55:FC:D8,2020-07-13 19:58:04.016880,20359444-c561-11ea-9ad1-dca63255fcd7,1,1,1,-75,2.0,trans_hand_list
30,DC:A6:32:55:FC:D8,2020-07-13 19:58:05.013147,20359444-c561-11ea-9ad1-dca63255fcd7,1,1,1,-91,2.0,trans_hand_list
31,DC:A6:32:55:FC:D8,2020-07-13 19:58:07.018295,20359444-c561-11ea-9ad1-dca63255fcd7,1,1,1,-79,2.0,trans_hand_list
32,DC:A6:32:55:FC:D8,2020-07-13 19:58:09.023164,20359444-c561-11ea-9ad1-dca63255fcd7,1,1,1,-81,2.0,trans_hand_list
33,DC:A6:32:55:FC:D8,2020-07-13 19:58:11.028323,20359444-c561-11ea-9ad1-dca63255fcd7,1,1,1,-81,2.0,trans_hand_list
34,DC:A6:32:55:FC:D8,2020-07-13 19:58:12.010748,20359444-c561-11ea-9ad1-dca63255fcd7,1,1,1,-79,2.0,trans_hand_list
35,DC:A6:32:55:FC:D8,2020-07-13 19:58:13.345067,20359444-c561-11ea-9ad1-dca63255fcd7,1,1,1,-79,2.0,trans_hand_list
36,DC:A6:32:55:FC:D8,2020-07-13 19:58:15.350841,20359444-c561-11ea-9ad1-dca63255fcd7,1,1,1,-78,2.0,trans_hand_list
37,DC:A6:32:55:FC:D8,2020-07-13 19:58:17.355117,20359444-c561-11ea-9ad1-dca63255fcd7,1,1,1,-79,2.0,trans_hand_list
38,DC:A6:32:55:FC:D8,2020-07-13 19:58:18.301993,20359444-c561-11ea-9ad1-dca63255fcd7,1,1,1,-82,2.0,trans_hand_list
39,DC:A6:32:55:FC:D8,2020-07-13 19:58:19.069425,20359444-c561-11ea-9ad1-dca63255fcd7,1,1,1,-86,2.0,trans_hand_list
40,DC:A6:32:55:FC:D8,2020-07-13 19:58:20.773329,20359444-c561-11ea-9ad1-dca63255fcd7,1,1,1,-85,2.0,trans_hand_list
41,DC:A6:32:55:FC:D8,2020-07-13 19:58:21.008220,20359444-c561-11ea-9ad1-dca63255fcd7,1,1,1,-84,2.0,trans_hand_list
42,DC:A6:32:55:FC:D8,2020-07-13 19:58:22.429460,20359444-c561-11ea-9ad1-dca63255fcd7,1,1,1,-86,2.0,trans_hand_list
43,DC:A6:32:55:FC:D8,2020-07-13 19:58:23.032528,20359444-c561-11ea-9ad1-dca63255fcd7,1,1,1,-86,2.0,trans_hand_list
0,DC:A6:32:55:FC:D8,2020-07-13 20:05:47.750769,20359444-c561-11ea-9ad1-dca63255fcd7,1,1,1,-80,3.0,trans_hand_list
1,DC:A6:32:55:FC:D8,2020-07-13 20:05:48.124986,20359444-c561-11ea-9ad1-dca63255fcd7,1,1,1,-81,3.0,trans_hand_list
2,DC:A6:32:55:FC:D8,2020-07-13 20:05:50.125914,20359444-c561-11ea-9ad1-dca63255fcd7,1,1,1,-68,3.0,trans_hand_list
3,DC:A6:32:55:FC:D8,2020-07-13 20:05:52.130162,20359444-c561-11ea-9ad1-dca63255fcd7,1,1,1,-76,3.0,trans_hand_list
4,DC:A6:32:55:FC:D8,2020-07-13 20:05:53.204583,20359444-c561-11ea-9ad1-dca63255fcd7,1,1,1,-68,3.0,trans_hand_list
5,DC:A6:32:55:FC:D8,2020-07-13 20:05:55.209799,20359444-c561-11ea-9ad1-dca63255fcd7,1,1,1,-79,3.0,trans_hand_list
6,DC:A6:32:55:FC:D8,2020-07-13 20:05:57.065896,20359444-c561-11ea-9ad1-dca63255fcd7,1,1,1,-69,3.0,trans_hand_list
7,DC:A6:32:55:FC:D8,2020-07-13 20:05:58.229699,20359444-c561-11ea-9ad1-dca63255fcd7,1,1,1,-68,3.0,trans_hand_list
8,DC:A6:32:55:FC:D8,2020-07-13 20:05:59.302238,20359444-c561-11ea-9ad1-dca63255fcd7,1,1,1,-76,3.0,trans_hand_list
9,DC:A6:32:55:FC:D8,2020-07-13 20:06:00.363406,20359444-c561-11ea-9ad1-dca63255fcd7,1,1,1,-77,3.0,trans_hand_list
10,DC:A6:32:55:FC:D8,2020-07-13 20:06:01.145974,20359444-c561-11ea-9ad1-dca63255fcd7,1,1,1,-75,3.0,trans_hand_list
11,DC:A6:32:55:FC:D8,2020-07-13 20:06:03.150997,20359444-c561-11ea-9ad1-dca63255fcd7,1,1,1,-68,3.0,trans_hand_list
12,DC:A6:32:55:FC:D8,2020-07-13 20:06:04.342306,20359444-c561-11ea-9ad1-dca63255fcd7,1,1,1,-76,3.0,trans_hand_list
13,DC:A6:32:55:FC:D8,2020-07-13 20:06:05.057176,20359444-c561-11ea-9ad1-dca63255fcd7,1,1,1,-69,3.0,trans_hand_list
14,DC:A6:32:55:FC:D8,2020-07-13 20:06:06.013450,20359444-c561-11ea-9ad1-dca63255fcd7,1,1,1,-75,3.0,trans_hand_list
15,DC:A6:32:55:FC:D8,2020-07-13 20:06:08.018563,20359444-c561-11ea-9ad1-dca63255fcd7,1,1,1,-77,3.0,trans_hand_list
16,DC:A6:32:55:FC:D8,2020-07-13 20:06:09.183591,20359444-c561-11ea-9ad1-dca63255fcd7,1,1,1,-77,3.0,trans_hand_list
17,DC:A6:32:55:FC:D8,2020-07-13 20:06:10.554888,20359444-c561-11ea-9ad1-dca63255fcd7,1,1,1,-70,3.0,trans_hand_list
18,DC:A6:32:55:FC:D8,2020-07-13 20:06:11.177245,20359444-c561-11ea-9ad1-dca63255fcd7,1,1,1,-69,3.0,trans_hand_list
19,DC:A6:32:55:FC:D8,2020-07-13 20:06:13.182397,20359444-c561-11ea-9ad1-dca63255fcd7,1,1,1,-69,3.0,trans_hand_list
20,DC:A6:32:55:FC:D8,2020-07-13 20:06:14.888712,20359444-c561-11ea-9ad1-dca63255fcd7,1,1,1,-70,3.0,trans_hand_list
21,DC:A6:32:55:FC:D8,2020-07-13 20:06:15.024839,20359444-c561-11ea-9ad1-dca63255fcd7,1,1,1,-69,3.0,trans_hand_list
22,DC:A6:32:55:FC:D8,2020-07-13 20:06:16.328588,20359444-c561-11ea-9ad1-dca63255fcd7,1,1,1,-76,3.0,trans_hand_list
23,DC:A6:32:55:FC:D8,2020-07-13 20:06:18.249919,20359444-c561-11ea-9ad1-dca63255fcd7,1,1,1,-79,3.0,trans_hand_list
24,DC:A6:32:55:FC:D8,2020-07-13 20:06:19.078751,20359444-c561-11ea-9ad1-dca63255fcd7,1,1,1,-70,3.0,trans_hand_list
25,DC:A6:32:55:FC:D8,2020-07-13 20:06:20.447466,20359444-c561-11ea-9ad1-dca63255fcd7,1,1,1,-70,3.0,trans_hand_list
26,DC:A6:32:55:FC:D8,2020-07-13 20:06:21.056219,20359444-c561-11ea-9ad1-dca63255fcd7,1,1,1,-69,3.0,trans_hand_list
27,DC:A6:32:55:FC:D8,2020-07-13 20:06:22.102435,20359444-c561-11ea-9ad1-dca63255fcd7,1,1,1,-69,3.0,trans_hand_list
28,DC:A6:32:55:FC:D8,2020-07-13 20:06:23.208794,20359444-c561-11ea-9ad1-dca63255fcd7,1,1,1,-70,3.0,trans_hand_list
29,DC:A6:32:55:FC:D8,2020-07-13 20:06:25.213907,20359444-c561-11ea-9ad1-dca63255fcd7,1,1,1,-71,3.0,trans_hand_list
30,DC:A6:32:55:FC:D8,2020-07-13 20:06:27.218886,20359444-c561-11ea-9ad1-dca63255fcd7,1,1,1,-67,3.0,trans_hand_list
31,DC:A6:32:55:FC:D8,2020-07-13 20:06:28.565124,20359444-c561-11ea-9ad1-dca63255fcd7,1,1,1,-71,3.0,trans_hand_list
32,DC:A6:32:55:FC:D8,2020-07-13 20:06:30.318930,20359444-c561-11ea-9ad1-dca63255fcd7,1,1,1,-69,3.0,trans_hand_list
33,DC:A6:32:55:FC:D8,2020-07-13 20:06:31.116937,20359444-c561-11ea-9ad1-dca63255fcd7,1,1,1,-67,3.0,trans_hand_list
34,DC:A6:32:55:FC:D8,2020-07-13 20:06:32.108816,20359444-c561-11ea-9ad1-dca63255fcd7,1,1,1,-71,3.0,trans_hand_list
35,DC:A6:32:55:FC:D8,2020-07-13 20:06:34.114070,20359444-c561-11ea-9ad1-dca63255fcd7,1,1,1,-70,3.0,trans_hand_list
36,DC:A6:32:55:FC:D8,2020-07-13 20:06:35.390146,20359444-c561-11ea-9ad1-dca63255fcd7,1,1,1,-71,3.0,trans_hand_list
37,DC:A6:32:55:FC:D8,2020-07-13 20:06:36.210129,20359444-c561-11ea-9ad1-dca63255fcd7,1,1,1,-70,3.0,trans_hand_list
38,DC:A6:32:55:FC:D8,2020-07-13 20:06:37.093884,20359444-c561-11ea-9ad1-dca63255fcd7,1,1,1,-71,3.0,trans_hand_list
39,DC:A6:32:55:FC:D8,2020-07-13 20:06:38.405219,20359444-c561-11ea-9ad1-dca63255fcd7,1,1,1,-70,3.0,trans_hand_list
40,DC:A6:32:55:FC:D8,2020-07-13 20:06:39.506673,20359444-c561-11ea-9ad1-dca63255fcd7,1,1,1,-70,3.0,trans_hand_list
41,DC:A6:32:55:FC:D8,2020-07-13 20:06:40.061528,20359444-c561-11ea-9ad1-dca63255fcd7,1,1,1,-67,3.0,trans_hand_list
42,DC:A6:32:55:FC:D8,2020-07-13 20:06:41.098996,20359444-c561-11ea-9ad1-dca63255fcd7,1,1,1,-69,3.0,trans_hand_list
43,DC:A6:32:55:FC:D8,2020-07-13 20:06:42.156528,20359444-c561-11ea-9ad1-dca63255fcd7,1,1,1,-69,3.0,trans_hand_list
44,DC:A6:32:55:FC:D8,2020-07-13 20:06:44.161753,20359444-c561-11ea-9ad1-dca63255fcd7,1,1,1,-67,3.0,trans_hand_list
45,DC:A6:32:55:FC:D8,2020-07-13 20:06:45.682247,20359444-c561-11ea-9ad1-dca63255fcd7,1,1,1,-67,3.0,trans_hand_list
46,DC:A6:32:55:FC:D8,2020-07-13 20:06:46.415377,20359444-c561-11ea-9ad1-dca63255fcd7,1,1,1,-67,3.0,trans_hand_list
47,DC:A6:32:55:FC:D8,2020-07-13 20:06:47.070945,20359444-c561-11ea-9ad1-dca63255fcd7,1,1,1,-67,3.0,trans_hand_list
0,DC:A6:32:55:FC:D8,2020-07-13 19:45:36.213698,20359444-c561-11ea-9ad1-dca63255fcd7,1,1,1,-49,0.25,trans_hand_list
1,DC:A6:32:55:FC:D8,2020-07-13 19:45:38.218747,20359444-c561-11ea-9ad1-dca63255fcd7,1,1,1,-47,0.25,trans_hand_list
2,DC:A6:32:55:FC:D8,2020-07-13 19:45:40.223753,20359444-c561-11ea-9ad1-dca63255fcd7,1,1,1,-52,0.25,trans_hand_list
3,DC:A6:32:55:FC:D8,2020-07-13 19:45:42.228743,20359444-c561-11ea-9ad1-dca63255fcd7,1,1,1,-48,0.25,trans_hand_list
4,DC:A6:32:55:FC:D8,2020-07-13 19:45:44.233696,20359444-c561-11ea-9ad1-dca63255fcd7,1,1,1,-52,0.25,trans_hand_list
5,DC:A6:32:55:FC:D8,2020-07-13 19:45:46.238881,20359444-c561-11ea-9ad1-dca63255fcd7,1,1,1,-50,0.25,trans_hand_list
6,DC:A6:32:55:FC:D8,2020-07-13 19:45:48.243724,20359444-c561-11ea-9ad1-dca63255fcd7,1,1,1,-50,0.25,trans_hand_list
7,DC:A6:32:55:FC:D8,2020-07-13 19:45:50.248914,20359444-c561-11ea-9ad1-dca63255fcd7,1,1,1,-50,0.25,trans_hand_list
8,DC:A6:32:55:FC:D8,2020-07-13 19:45:52.253917,20359444-c561-11ea-9ad1-dca63255fcd7,1,1,1,-51,0.25,trans_hand_list
9,DC:A6:32:55:FC:D8,2020-07-13 19:45:53.516382,20359444-c561-11ea-9ad1-dca63255fcd7,1,1,1,-53,0.25,trans_hand_list
10,DC:A6:32:55:FC:D8,2020-07-13 19:45:54.042604,20359444-c561-11ea-9ad1-dca63255fcd7,1,1,1,-52,0.25,trans_hand_list
11,DC:A6:32:55:FC:D8,2020-07-13 19:45:56.047750,20359444-c561-11ea-9ad1-dca63255fcd7,1,1,1,-54,0.25,trans_hand_list
12,DC:A6:32:55:FC:D8,2020-07-13 19:45:58.052704,20359444-c561-11ea-9ad1-dca63255fcd7,1,1,1,-51,0.25,trans_hand_list
13,DC:A6:32:55:FC:D8,2020-07-13 19:45:59.255132,20359444-c561-11ea-9ad1-dca63255fcd7,1,1,1,-54,0.25,trans_hand_list
14,DC:A6:32:55:FC:D8,2020-07-13 19:46:01.260389,20359444-c561-11ea-9ad1-dca63255fcd7,1,1,1,-52,0.25,trans_hand_list
15,DC:A6:32:55:FC:D8,2020-07-13 19:46:03.268636,20359444-c561-11ea-9ad1-dca63255fcd7,1,1,1,-53,0.25,trans_hand_list
16,DC:A6:32:55:FC:D8,2020-07-13 19:46:05.274199,20359444-c561-11ea-9ad1-dca63255fcd7,1,1,1,-52,0.25,trans_hand_list
17,DC:A6:32:55:FC:D8,2020-07-13 19:46:07.279116,20359444-c561-11ea-9ad1-dca63255fcd7,1,1,1,-52,0.25,trans_hand_list
18,DC:A6:32:55:FC:D8,2020-07-13 19:46:09.284201,20359444-c561-11ea-9ad1-dca63255fcd7,1,1,1,-54,0.25,trans_hand_list
19,DC:A6:32:55:FC:D8,2020-07-13 19:46:11.289242,20359444-c561-11ea-9ad1-dca63255fcd7,1,1,1,-52,0.25,trans_hand_list
20,DC:A6:32:55:FC:D8,2020-07-13 19:46:13.294125,20359444-c561-11ea-9ad1-dca63255fcd7,1,1,1,-52,0.25,trans_hand_list
21,DC:A6:32:55:FC:D8,2020-07-13 19:46:15.299301,20359444-c561-11ea-9ad1-dca63255fcd7,1,1,1,-52,0.25,trans_hand_list
22,DC:A6:32:55:FC:D8,2020-07-13 19:46:17.304248,20359444-c561-11ea-9ad1-dca63255fcd7,1,1,1,-54,0.25,trans_hand_list
23,DC:A6:32:55:FC:D8,2020-07-13 19:46:18.326705,20359444-c561-11ea-9ad1-dca63255fcd7,1,1,1,-53,0.25,trans_hand_list
24,DC:A6:32:55:FC:D8,2020-07-13 19:46:19.403584,20359444-c561-11ea-9ad1-dca63255fcd7,1,1,1,-57,0.25,trans_hand_list
25,DC:A6:32:55:FC:D8,2020-07-13 19:46:21.409403,20359444-c561-11ea-9ad1-dca63255fcd7,1,1,1,-45,0.25,trans_hand_list
26,DC:A6:32:55:FC:D8,2020-07-13 19:46:23.414269,20359444-c561-11ea-9ad1-dca63255fcd7,1,1,1,-44,0.25,trans_hand_list
27,DC:A6:32:55:FC:D8,2020-07-13 19:46:24.139250,20359444-c561-11ea-9ad1-dca63255fcd7,1,1,1,-46,0.25,trans_hand_list
28,DC:A6:32:55:FC:D8,2020-07-13 19:46:26.144457,20359444-c561-11ea-9ad1-dca63255fcd7,1,1,1,-47,0.25,trans_hand_list
29,DC:A6:32:55:FC:D8,2020-07-13 19:46:27.758182,20359444-c561-11ea-9ad1-dca63255fcd7,1,1,1,-47,0.25,trans_hand_list
30,DC:A6:32:55:FC:D8,2020-07-13 19:46:28.026842,20359444-c561-11ea-9ad1-dca63255fcd7,1,1,1,-47,0.25,trans_hand_list
31,DC:A6:32:55:FC:D8,2020-07-13 19:46:30.032026,20359444-c561-11ea-9ad1-dca63255fcd7,1,1,1,-47,0.25,trans_hand_list
32,DC:A6:32:55:FC:D8,2020-07-13 19:46:31.016998,20359444-c561-11ea-9ad1-dca63255fcd7,1,1,1,-48,0.25,trans_hand_list
33,DC:A6:32:55:FC:D8,2020-07-13 19:46:33.025646,20359444-c561-11ea-9ad1-dca63255fcd7,1,1,1,-49,0.25,trans_hand_list
34,DC:A6:32:55:FC:D8,2020-07-13 19:46:35.030884,20359444-c561-11ea-9ad1-dca63255fcd7,1,1,1,-48,0.25,trans_hand_list
0,DC:A6:32:55:FC:D8,2020-07-13 19:55:46.409455,20359444-c561-11ea-9ad1-dca63255fcd7,1,1,1,-71,1.5,trans_hand_list
1,DC:A6:32:55:FC:D8,2020-07-13 19:55:47.268848,20359444-c561-11ea-9ad1-dca63255fcd7,1,1,1,-79,1.5,trans_hand_list
2,DC:A6:32:55:FC:D8,2020-07-13 19:55:48.092559,20359444-c561-11ea-9ad1-dca63255fcd7,1,1,1,-75,1.5,trans_hand_list
3,DC:A6:32:55:FC:D8,2020-07-13 19:55:49.052535,20359444-c561-11ea-9ad1-dca63255fcd7,1,1,1,-74,1.5,trans_hand_list
4,DC:A6:32:55:FC:D8,2020-07-13 19:55:50.170189,20359444-c561-11ea-9ad1-dca63255fcd7,1,1,1,-75,1.5,trans_hand_list
5,DC:A6:32:55:FC:D8,2020-07-13 19:55:52.174516,20359444-c561-11ea-9ad1-dca63255fcd7,1,1,1,-74,1.5,trans_hand_list
6,DC:A6:32:55:FC:D8,2020-07-13 19:55:53.313825,20359444-c561-11ea-9ad1-dca63255fcd7,1,1,1,-71,1.5,trans_hand_list
7,DC:A6:32:55:FC:D8,2020-07-13 19:55:54.412579,20359444-c561-11ea-9ad1-dca63255fcd7,1,1,1,-71,1.5,trans_hand_list
8,DC:A6:32:55:FC:D8,2020-07-13 19:55:55.238967,20359444-c561-11ea-9ad1-dca63255fcd7,1,1,1,-73,1.5,trans_hand_list
9,DC:A6:32:55:FC:D8,2020-07-13 19:55:57.243879,20359444-c561-11ea-9ad1-dca63255fcd7,1,1,1,-73,1.5,trans_hand_list
10,DC:A6:32:55:FC:D8,2020-07-13 19:55:58.257627,20359444-c561-11ea-9ad1-dca63255fcd7,1,1,1,-70,1.5,trans_hand_list
11,DC:A6:32:55:FC:D8,2020-07-13 19:55:59.085660,20359444-c561-11ea-9ad1-dca63255fcd7,1,1,1,-74,1.5,trans_hand_list
12,DC:A6:32:55:FC:D8,2020-07-13 19:56:01.090155,20359444-c561-11ea-9ad1-dca63255fcd7,1,1,1,-73,1.5,trans_hand_list
13,DC:A6:32:55:FC:D8,2020-07-13 19:56:03.095175,20359444-c561-11ea-9ad1-dca63255fcd7,1,1,1,-75,1.5,trans_hand_list
14,DC:A6:32:55:FC:D8,2020-07-13 19:56:04.617663,20359444-c561-11ea-9ad1-dca63255fcd7,1,1,1,-72,1.5,trans_hand_list
15,DC:A6:32:55:FC:D8,2020-07-13 19:56:05.082580,20359444-c561-11ea-9ad1-dca63255fcd7,1,1,1,-68,1.5,trans_hand_list
16,DC:A6:32:55:FC:D8,2020-07-13 19:56:07.087682,20359444-c561-11ea-9ad1-dca63255fcd7,1,1,1,-75,1.5,trans_hand_list
17,DC:A6:32:55:FC:D8,2020-07-13 19:56:09.092574,20359444-c561-11ea-9ad1-dca63255fcd7,1,1,1,-85,1.5,trans_hand_list
18,DC:A6:32:55:FC:D8,2020-07-13 19:56:11.097743,20359444-c561-11ea-9ad1-dca63255fcd7,1,1,1,-71,1.5,trans_hand_list
19,DC:A6:32:55:FC:D8,2020-07-13 19:56:12.167597,20359444-c561-11ea-9ad1-dca63255fcd7,1,1,1,-72,1.5,trans_hand_list
20,DC:A6:32:55:FC:D8,2020-07-13 19:56:14.172606,20359444-c561-11ea-9ad1-dca63255fcd7,1,1,1,-72,1.5,trans_hand_list
21,DC:A6:32:55:FC:D8,2020-07-13 19:56:15.068964,20359444-c561-11ea-9ad1-dca63255fcd7,1,1,1,-68,1.5,trans_hand_list
22,DC:A6:32:55:FC:D8,2020-07-13 19:56:16.713960,20359444-c561-11ea-9ad1-dca63255fcd7,1,1,1,-68,1.5,trans_hand_list
23,DC:A6:32:55:FC:D8,2020-07-13 19:56:17.020122,20359444-c561-11ea-9ad1-dca63255fcd7,1,1,1,-78,1.5,trans_hand_list
24,DC:A6:32:55:FC:D8,2020-07-13 19:56:18.349505,20359444-c561-11ea-9ad1-dca63255fcd7,1,1,1,-78,1.5,trans_hand_list
25,DC:A6:32:55:FC:D8,2020-07-13 19:56:20.000210,20359444-c561-11ea-9ad1-dca63255fcd7,1,1,1,-79,1.5,trans_hand_list
26,DC:A6:32:55:FC:D8,2020-07-13 19:56:22.005217,20359444-c561-11ea-9ad1-dca63255fcd7,1,1,1,-77,1.5,trans_hand_list
27,DC:A6:32:55:FC:D8,2020-07-13 19:56:23.592672,20359444-c561-11ea-9ad1-dca63255fcd7,1,1,1,-78,1.5,trans_hand_list
28,DC:A6:32:55:FC:D8,2020-07-13 19:56:24.071350,20359444-c561-11ea-9ad1-dca63255fcd7,1,1,1,-79,1.5,trans_hand_list
29,DC:A6:32:55:FC:D8,2020-07-13 19:56:25.002625,20359444-c561-11ea-9ad1-dca63255fcd7,1,1,1,-71,1.5,trans_hand_list
30,DC:A6:32:55:FC:D8,2020-07-13 19:56:27.007728,20359444-c561-11ea-9ad1-dca63255fcd7,1,1,1,-71,1.5,trans_hand_list
31,DC:A6:32:55:FC:D8,2020-07-13 19:56:28.821386,20359444-c561-11ea-9ad1-dca63255fcd7,1,1,1,-78,1.5,trans_hand_list
32,DC:A6:32:55:FC:D8,2020-07-13 19:56:29.003932,20359444-c561-11ea-9ad1-dca63255fcd7,1,1,1,-73,1.5,trans_hand_list
33,DC:A6:32:55:FC:D8,2020-07-13 19:56:31.009116,20359444-c561-11ea-9ad1-dca63255fcd7,1,1,1,-80,1.5,trans_hand_list
34,DC:A6:32:55:FC:D8,2020-07-13 19:56:33.014032,20359444-c561-11ea-9ad1-dca63255fcd7,1,1,1,-71,1.5,trans_hand_list
35,DC:A6:32:55:FC:D8,2020-07-13 19:56:34.056519,20359444-c561-11ea-9ad1-dca63255fcd7,1,1,1,-72,1.5,trans_hand_list
36,DC:A6:32:55:FC:D8,2020-07-13 19:56:35.054134,20359444-c561-11ea-9ad1-dca63255fcd7,1,1,1,-68,1.5,trans_hand_list
37,DC:A6:32:55:FC:D8,2020-07-13 19:56:37.059063,20359444-c561-11ea-9ad1-dca63255fcd7,1,1,1,-78,1.5,trans_hand_list
38,DC:A6:32:55:FC:D8,2020-07-13 19:56:38.163956,20359444-c561-11ea-9ad1-dca63255fcd7,1,1,1,-79,1.5,trans_hand_list
39,DC:A6:32:55:FC:D8,2020-07-13 19:56:40.111579,20359444-c561-11ea-9ad1-dca63255fcd7,1,1,1,-72,1.5,trans_hand_list
40,DC:A6:32:55:FC:D8,2020-07-13 19:56:42.116580,20359444-c561-11ea-9ad1-dca63255fcd7,1,1,1,-68,1.5,trans_hand_list
41,DC:A6:32:55:FC:D8,2020-07-13 19:56:44.121548,20359444-c561-11ea-9ad1-dca63255fcd7,1,1,1,-80,1.5,trans_hand_list
42,DC:A6:32:55:FC:D8,2020-07-13 19:56:45.062813,20359444-c561-11ea-9ad1-dca63255fcd7,1,1,1,-80,1.5,trans_hand_list
0,DC:A6:32:55:FC:D8,2020-07-13 20:13:38.470041,20359444-c561-11ea-9ad1-dca63255fcd7,1,1,1,-79,4.0,trans_hand_list
1,DC:A6:32:55:FC:D8,2020-07-13 20:13:40.474739,20359444-c561-11ea-9ad1-dca63255fcd7,1,1,1,-82,4.0,trans_hand_list
2,DC:A6:32:55:FC:D8,2020-07-13 20:13:42.479655,20359444-c561-11ea-9ad1-dca63255fcd7,1,1,1,-84,4.0,trans_hand_list
3,DC:A6:32:55:FC:D8,2020-07-13 20:13:44.485033,20359444-c561-11ea-9ad1-dca63255fcd7,1,1,1,-73,4.0,trans_hand_list
4,DC:A6:32:55:FC:D8,2020-07-13 20:13:45.084622,20359444-c561-11ea-9ad1-dca63255fcd7,1,1,1,-83,4.0,trans_hand_list
5,DC:A6:32:55:FC:D8,2020-07-13 20:13:47.090388,20359444-c561-11ea-9ad1-dca63255fcd7,1,1,1,-80,4.0,trans_hand_list
6,DC:A6:32:55:FC:D8,2020-07-13 20:13:49.095059,20359444-c561-11ea-9ad1-dca63255fcd7,1,1,1,-73,4.0,trans_hand_list
7,DC:A6:32:55:FC:D8,2020-07-13 20:13:51.100706,20359444-c561-11ea-9ad1-dca63255fcd7,1,1,1,-73,4.0,trans_hand_list
8,DC:A6:32:55:FC:D8,2020-07-13 20:13:53.106393,20359444-c561-11ea-9ad1-dca63255fcd7,1,1,1,-71,4.0,trans_hand_list
9,DC:A6:32:55:FC:D8,2020-07-13 20:13:55.110419,20359444-c561-11ea-9ad1-dca63255fcd7,1,1,1,-81,4.0,trans_hand_list
10,DC:A6:32:55:FC:D8,2020-07-13 20:13:56.135631,20359444-c561-11ea-9ad1-dca63255fcd7,1,1,1,-84,4.0,trans_hand_list
11,DC:A6:32:55:FC:D8,2020-07-13 20:13:58.139495,20359444-c561-11ea-9ad1-dca63255fcd7,1,1,1,-84,4.0,trans_hand_list
12,DC:A6:32:55:FC:D8,2020-07-13 20:14:00.144816,20359444-c561-11ea-9ad1-dca63255fcd7,1,1,1,-73,4.0,trans_hand_list
13,DC:A6:32:55:FC:D8,2020-07-13 20:14:02.148670,20359444-c561-11ea-9ad1-dca63255fcd7,1,1,1,-73,4.0,trans_hand_list
14,DC:A6:32:55:FC:D8,2020-07-13 20:14:04.026258,20359444-c561-11ea-9ad1-dca63255fcd7,1,1,1,-84,4.0,trans_hand_list
15,DC:A6:32:55:FC:D8,2020-07-13 20:14:05.132096,20359444-c561-11ea-9ad1-dca63255fcd7,1,1,1,-82,4.0,trans_hand_list
16,DC:A6:32:55:FC:D8,2020-07-13 20:14:07.136570,20359444-c561-11ea-9ad1-dca63255fcd7,1,1,1,-81,4.0,trans_hand_list
17,DC:A6:32:55:FC:D8,2020-07-13 20:14:09.141198,20359444-c561-11ea-9ad1-dca63255fcd7,1,1,1,-86,4.0,trans_hand_list
18,DC:A6:32:55:FC:D8,2020-07-13 20:14:11.145679,20359444-c561-11ea-9ad1-dca63255fcd7,1,1,1,-73,4.0,trans_hand_list
19,DC:A6:32:55:FC:D8,2020-07-13 20:14:13.151444,20359444-c561-11ea-9ad1-dca63255fcd7,1,1,1,-73,4.0,trans_hand_list
20,DC:A6:32:55:FC:D8,2020-07-13 20:14:14.178646,20359444-c561-11ea-9ad1-dca63255fcd7,1,1,1,-83,4.0,trans_hand_list
21,DC:A6:32:55:FC:D8,2020-07-13 20:14:16.184337,20359444-c561-11ea-9ad1-dca63255fcd7,1,1,1,-73,4.0,trans_hand_list
22,DC:A6:32:55:FC:D8,2020-07-13 20:14:18.061313,20359444-c561-11ea-9ad1-dca63255fcd7,1,1,1,-82,4.0,trans_hand_list
23,DC:A6:32:55:FC:D8,2020-07-13 20:14:19.724056,20359444-c561-11ea-9ad1-dca63255fcd7,1,1,1,-71,4.0,trans_hand_list
24,DC:A6:32:55:FC:D8,2020-07-13 20:14:20.058207,20359444-c561-11ea-9ad1-dca63255fcd7,1,1,1,-83,4.0,trans_hand_list
25,DC:A6:32:55:FC:D8,2020-07-13 20:14:21.661623,20359444-c561-11ea-9ad1-dca63255fcd7,1,1,1,-73,4.0,trans_hand_list
26,DC:A6:32:55:FC:D8,2020-07-13 20:14:22.416368,20359444-c561-11ea-9ad1-dca63255fcd7,1,1,1,-84,4.0,trans_hand_list
27,DC:A6:32:55:FC:D8,2020-07-13 20:14:23.028701,20359444-c561-11ea-9ad1-dca63255fcd7,1,1,1,-73,4.0,trans_hand_list
28,DC:A6:32:55:FC:D8,2020-07-13 20:14:24.665360,20359444-c561-11ea-9ad1-dca63255fcd7,1,1,1,-71,4.0,trans_hand_list
29,DC:A6:32:55:FC:D8,2020-07-13 20:14:25.138195,20359444-c561-11ea-9ad1-dca63255fcd7,1,1,1,-72,4.0,trans_hand_list
30,DC:A6:32:55:FC:D8,2020-07-13 20:14:27.142729,20359444-c561-11ea-9ad1-dca63255fcd7,1,1,1,-71,4.0,trans_hand_list
31,DC:A6:32:55:FC:D8,2020-07-13 20:14:28.898539,20359444-c561-11ea-9ad1-dca63255fcd7,1,1,1,-83,4.0,trans_hand_list
32,DC:A6:32:55:FC:D8,2020-07-13 20:14:29.003978,20359444-c561-11ea-9ad1-dca63255fcd7,1,1,1,-72,4.0,trans_hand_list
33,DC:A6:32:55:FC:D8,2020-07-13 20:14:30.009394,20359444-c561-11ea-9ad1-dca63255fcd7,1,1,1,-72,4.0,trans_hand_list
34,DC:A6:32:55:FC:D8,2020-07-13 20:14:32.013853,20359444-c561-11ea-9ad1-dca63255fcd7,1,1,1,-72,4.0,trans_hand_list
35,DC:A6:32:55:FC:D8,2020-07-13 20:14:34.018584,20359444-c561-11ea-9ad1-dca63255fcd7,1,1,1,-87,4.0,trans_hand_list
36,DC:A6:32:55:FC:D8,2020-07-13 20:14:36.024177,20359444-c561-11ea-9ad1-dca63255fcd7,1,1,1,-74,4.0,trans_hand_list
37,DC:A6:32:55:FC:D8,2020-07-13 20:14:38.028625,20359444-c561-11ea-9ad1-dca63255fcd7,1,1,1,-74,4.0,trans_hand_list
0,DC:A6:32:55:FC:D8,2020-07-13 19:49:58.701134,20359444-c561-11ea-9ad1-dca63255fcd7,1,1,1,-47,0.5,trans_hand_list
1,DC:A6:32:55:FC:D8,2020-07-13 19:49:59.113455,20359444-c561-11ea-9ad1-dca63255fcd7,1,1,1,-44,0.5,trans_hand_list
2,DC:A6:32:55:FC:D8,2020-07-13 19:50:00.273221,20359444-c561-11ea-9ad1-dca63255fcd7,1,1,1,-48,0.5,trans_hand_list
3,DC:A6:32:55:FC:D8,2020-07-13 19:50:02.278287,20359444-c561-11ea-9ad1-dca63255fcd7,1,1,1,-49,0.5,trans_hand_list
4,DC:A6:32:55:FC:D8,2020-07-13 19:50:04.283262,20359444-c561-11ea-9ad1-dca63255fcd7,1,1,1,-47,0.5,trans_hand_list
5,DC:A6:32:55:FC:D8,2020-07-13 19:50:05.405774,20359444-c561-11ea-9ad1-dca63255fcd7,1,1,1,-44,0.5,trans_hand_list
6,DC:A6:32:55:FC:D8,2020-07-13 19:50:07.410735,20359444-c561-11ea-9ad1-dca63255fcd7,1,1,1,-42,0.5,trans_hand_list
7,DC:A6:32:55:FC:D8,2020-07-13 19:50:08.239417,20359444-c561-11ea-9ad1-dca63255fcd7,1,1,1,-46,0.5,trans_hand_list
8,DC:A6:32:55:FC:D8,2020-07-13 19:50:09.083868,20359444-c561-11ea-9ad1-dca63255fcd7,1,1,1,-46,0.5,trans_hand_list
9,DC:A6:32:55:FC:D8,2020-07-13 19:50:11.089612,20359444-c561-11ea-9ad1-dca63255fcd7,1,1,1,-45,0.5,trans_hand_list
10,DC:A6:32:55:FC:D8,2020-07-13 19:50:13.093850,20359444-c561-11ea-9ad1-dca63255fcd7,1,1,1,-42,0.5,trans_hand_list
11,DC:A6:32:55:FC:D8,2020-07-13 19:50:14.088243,20359444-c561-11ea-9ad1-dca63255fcd7,1,1,1,-44,0.5,trans_hand_list
12,DC:A6:32:55:FC:D8,2020-07-13 19:50:15.448396,20359444-c561-11ea-9ad1-dca63255fcd7,1,1,1,-44,0.5,trans_hand_list
13,DC:A6:32:55:FC:D8,2020-07-13 19:50:17.453330,20359444-c561-11ea-9ad1-dca63255fcd7,1,1,1,-46,0.5,trans_hand_list
14,DC:A6:32:55:FC:D8,2020-07-13 19:50:19.458302,20359444-c561-11ea-9ad1-dca63255fcd7,1,1,1,-45,0.5,trans_hand_list
15,DC:A6:32:55:FC:D8,2020-07-13 19:50:21.463461,20359444-c561-11ea-9ad1-dca63255fcd7,1,1,1,-45,0.5,trans_hand_list
16,DC:A6:32:55:FC:D8,2020-07-13 19:50:23.342137,20359444-c561-11ea-9ad1-dca63255fcd7,1,1,1,-46,0.5,trans_hand_list
17,DC:A6:32:55:FC:D8,2020-07-13 19:50:25.347240,20359444-c561-11ea-9ad1-dca63255fcd7,1,1,1,-46,0.5,trans_hand_list
18,DC:A6:32:55:FC:D8,2020-07-13 19:50:27.352186,20359444-c561-11ea-9ad1-dca63255fcd7,1,1,1,-46,0.5,trans_hand_list
19,DC:A6:32:55:FC:D8,2020-07-13 19:50:28.043360,20359444-c561-11ea-9ad1-dca63255fcd7,1,1,1,-46,0.5,trans_hand_list
20,DC:A6:32:55:FC:D8,2020-07-13 19:50:29.145921,20359444-c561-11ea-9ad1-dca63255fcd7,1,1,1,-42,0.5,trans_hand_list
21,DC:A6:32:55:FC:D8,2020-07-13 19:50:31.151065,20359444-c561-11ea-9ad1-dca63255fcd7,1,1,1,-47,0.5,trans_hand_list
22,DC:A6:32:55:FC:D8,2020-07-13 19:50:33.156069,20359444-c561-11ea-9ad1-dca63255fcd7,1,1,1,-47,0.5,trans_hand_list
23,DC:A6:32:55:FC:D8,2020-07-13 19:50:35.161137,20359444-c561-11ea-9ad1-dca63255fcd7,1,1,1,-43,0.5,trans_hand_list
24,DC:A6:32:55:FC:D8,2020-07-13 19:50:37.166064,20359444-c561-11ea-9ad1-dca63255fcd7,1,1,1,-45,0.5,trans_hand_list
25,DC:A6:32:55:FC:D8,2020-07-13 19:50:39.171168,20359444-c561-11ea-9ad1-dca63255fcd7,1,1,1,-48,0.5,trans_hand_list
26,DC:A6:32:55:FC:D8,2020-07-13 19:50:41.176116,20359444-c561-11ea-9ad1-dca63255fcd7,1,1,1,-46,0.5,trans_hand_list
27,DC:A6:32:55:FC:D8,2020-07-13 19:50:43.181136,20359444-c561-11ea-9ad1-dca63255fcd7,1,1,1,-46,0.5,trans_hand_list
28,DC:A6:32:55:FC:D8,2020-07-13 19:50:45.186169,20359444-c561-11ea-9ad1-dca63255fcd7,1,1,1,-46,0.5,trans_hand_list
29,DC:A6:32:55:FC:D8,2020-07-13 19:50:47.191097,20359444-c561-11ea-9ad1-dca63255fcd7,1,1,1,-46,0.5,trans_hand_list
30,DC:A6:32:55:FC:D8,2020-07-13 19:50:48.614816,20359444-c561-11ea-9ad1-dca63255fcd7,1,1,1,-46,0.5,trans_hand_list
31,DC:A6:32:55:FC:D8,2020-07-13 19:50:49.273618,20359444-c561-11ea-9ad1-dca63255fcd7,1,1,1,-47,0.5,trans_hand_list
32,DC:A6:32:55:FC:D8,2020-07-13 19:50:50.247430,20359444-c561-11ea-9ad1-dca63255fcd7,1,1,1,-47,0.5,trans_hand_list
33,DC:A6:32:55:FC:D8,2020-07-13 19:50:51.699842,20359444-c561-11ea-9ad1-dca63255fcd7,1,1,1,-47,0.5,trans_hand_list
34,DC:A6:32:55:FC:D8,2020-07-13 19:50:52.013551,20359444-c561-11ea-9ad1-dca63255fcd7,1,1,1,-44,0.5,trans_hand_list
35,DC:A6:32:55:FC:D8,2020-07-13 19:50:53.229868,20359444-c561-11ea-9ad1-dca63255fcd7,1,1,1,-47,0.5,trans_hand_list
36,DC:A6:32:55:FC:D8,2020-07-13 19:50:54.316773,20359444-c561-11ea-9ad1-dca63255fcd7,1,1,1,-48,0.5,trans_hand_list
37,DC:A6:32:55:FC:D8,2020-07-13 19:50:55.680017,20359444-c561-11ea-9ad1-dca63255fcd7,1,1,1,-48,0.5,trans_hand_list
38,DC:A6:32:55:FC:D8,2020-07-13 19:50:56.008655,20359444-c561-11ea-9ad1-dca63255fcd7,1,1,1,-44,0.5,trans_hand_list
39,DC:A6:32:55:FC:D8,2020-07-13 19:50:58.013664,20359444-c561-11ea-9ad1-dca63255fcd7,1,1,1,-48,0.5,trans_hand_list
0,DC:A6:32:55:FC:D8,2020-07-13 20:00:05.556369,20359444-c561-11ea-9ad1-dca63255fcd7,1,1,1,-86,2.5,trans_hand_list
1,DC:A6:32:55:FC:D8,2020-07-13 20:00:06.440117,20359444-c561-11ea-9ad1-dca63255fcd7,1,1,1,-87,2.5,trans_hand_list
2,DC:A6:32:55:FC:D8,2020-07-13 20:00:08.110192,20359444-c561-11ea-9ad1-dca63255fcd7,1,1,1,-84,2.5,trans_hand_list
3,DC:A6:32:55:FC:D8,2020-07-13 20:00:09.203877,20359444-c561-11ea-9ad1-dca63255fcd7,1,1,1,-82,2.5,trans_hand_list
4,DC:A6:32:55:FC:D8,2020-07-13 20:00:11.209094,20359444-c561-11ea-9ad1-dca63255fcd7,1,1,1,-81,2.5,trans_hand_list
5,DC:A6:32:55:FC:D8,2020-07-13 20:00:12.405773,20359444-c561-11ea-9ad1-dca63255fcd7,1,1,1,-78,2.5,trans_hand_list
6,DC:A6:32:55:FC:D8,2020-07-13 20:00:14.031347,20359444-c561-11ea-9ad1-dca63255fcd7,1,1,1,-81,2.5,trans_hand_list
7,DC:A6:32:55:FC:D8,2020-07-13 20:00:16.036588,20359444-c561-11ea-9ad1-dca63255fcd7,1,1,1,-79,2.5,trans_hand_list
8,DC:A6:32:55:FC:D8,2020-07-13 20:00:18.041528,20359444-c561-11ea-9ad1-dca63255fcd7,1,1,1,-81,2.5,trans_hand_list
9,DC:A6:32:55:FC:D8,2020-07-13 20:00:20.046490,20359444-c561-11ea-9ad1-dca63255fcd7,1,1,1,-83,2.5,trans_hand_list
10,DC:A6:32:55:FC:D8,2020-07-13 20:00:22.051661,20359444-c561-11ea-9ad1-dca63255fcd7,1,1,1,-84,2.5,trans_hand_list
11,DC:A6:32:55:FC:D8,2020-07-13 20:00:23.510314,20359444-c561-11ea-9ad1-dca63255fcd7,1,1,1,-83,2.5,trans_hand_list
12,DC:A6:32:55:FC:D8,2020-07-13 20:00:24.791483,20359444-c561-11ea-9ad1-dca63255fcd7,1,1,1,-80,2.5,trans_hand_list
13,DC:A6:32:55:FC:D8,2020-07-13 20:00:25.003928,20359444-c561-11ea-9ad1-dca63255fcd7,1,1,1,-79,2.5,trans_hand_list
14,DC:A6:32:55:FC:D8,2020-07-13 20:00:26.164720,20359444-c561-11ea-9ad1-dca63255fcd7,1,1,1,-81,2.5,trans_hand_list
15,DC:A6:32:55:FC:D8,2020-07-13 20:00:27.421488,20359444-c561-11ea-9ad1-dca63255fcd7,1,1,1,-79,2.5,trans_hand_list
16,DC:A6:32:55:FC:D8,2020-07-13 20:00:28.101453,20359444-c561-11ea-9ad1-dca63255fcd7,1,1,1,-80,2.5,trans_hand_list
17,DC:A6:32:55:FC:D8,2020-07-13 20:00:29.046527,20359444-c561-11ea-9ad1-dca63255fcd7,1,1,1,-79,2.5,trans_hand_list
18,DC:A6:32:55:FC:D8,2020-07-13 20:00:30.716688,20359444-c561-11ea-9ad1-dca63255fcd7,1,1,1,-72,2.5,trans_hand_list
19,DC:A6:32:55:FC:D8,2020-07-13 20:00:31.071502,20359444-c561-11ea-9ad1-dca63255fcd7,1,1,1,-74,2.5,trans_hand_list
20,DC:A6:32:55:FC:D8,2020-07-13 20:00:33.076650,20359444-c561-11ea-9ad1-dca63255fcd7,1,1,1,-74,2.5,trans_hand_list
21,DC:A6:32:55:FC:D8,2020-07-13 20:00:34.085946,20359444-c561-11ea-9ad1-dca63255fcd7,1,1,1,-74,2.5,trans_hand_list
22,DC:A6:32:55:FC:D8,2020-07-13 20:00:36.091799,20359444-c561-11ea-9ad1-dca63255fcd7,1,1,1,-78,2.5,trans_hand_list
23,DC:A6:32:55:FC:D8,2020-07-13 20:00:38.096020,20359444-c561-11ea-9ad1-dca63255fcd7,1,1,1,-74,2.5,trans_hand_list
24,DC:A6:32:55:FC:D8,2020-07-13 20:00:40.101715,20359444-c561-11ea-9ad1-dca63255fcd7,1,1,1,-77,2.5,trans_hand_list
25,DC:A6:32:55:FC:D8,2020-07-13 20:00:42.106740,20359444-c561-11ea-9ad1-dca63255fcd7,1,1,1,-80,2.5,trans_hand_list
26,DC:A6:32:55:FC:D8,2020-07-13 20:00:44.111742,20359444-c561-11ea-9ad1-dca63255fcd7,1,1,1,-74,2.5,trans_hand_list
27,DC:A6:32:55:FC:D8,2020-07-13 20:00:45.500565,20359444-c561-11ea-9ad1-dca63255fcd7,1,1,1,-80,2.5,trans_hand_list
28,DC:A6:32:55:FC:D8,2020-07-13 20:00:46.350407,20359444-c561-11ea-9ad1-dca63255fcd7,1,1,1,-76,2.5,trans_hand_list
29,DC:A6:32:55:FC:D8,2020-07-13 20:00:48.355385,20359444-c561-11ea-9ad1-dca63255fcd7,1,1,1,-79,2.5,trans_hand_list
30,DC:A6:32:55:FC:D8,2020-07-13 20:00:49.145991,20359444-c561-11ea-9ad1-dca63255fcd7,1,1,1,-81,2.5,trans_hand_list
31,DC:A6:32:55:FC:D8,2020-07-13 20:00:50.245488,20359444-c561-11ea-9ad1-dca63255fcd7,1,1,1,-77,2.5,trans_hand_list
32,DC:A6:32:55:FC:D8,2020-07-13 20:00:52.250578,20359444-c561-11ea-9ad1-dca63255fcd7,1,1,1,-74,2.5,trans_hand_list
33,DC:A6:32:55:FC:D8,2020-07-13 20:00:53.029236,20359444-c561-11ea-9ad1-dca63255fcd7,1,1,1,-72,2.5,trans_hand_list
34,DC:A6:32:55:FC:D8,2020-07-13 20:00:54.380487,20359444-c561-11ea-9ad1-dca63255fcd7,1,1,1,-77,2.5,trans_hand_list
35,DC:A6:32:55:FC:D8,2020-07-13 20:00:55.474342,20359444-c561-11ea-9ad1-dca63255fcd7,1,1,1,-82,2.5,trans_hand_list
36,DC:A6:32:55:FC:D8,2020-07-13 20:00:56.588079,20359444-c561-11ea-9ad1-dca63255fcd7,1,1,1,-82,2.5,trans_hand_list
37,DC:A6:32:55:FC:D8,2020-07-13 20:00:57.010436,20359444-c561-11ea-9ad1-dca63255fcd7,1,1,1,-75,2.5,trans_hand_list
38,DC:A6:32:55:FC:D8,2020-07-13 20:00:58.190476,20359444-c561-11ea-9ad1-dca63255fcd7,1,1,1,-81,2.5,trans_hand_list
39,DC:A6:32:55:FC:D8,2020-07-13 20:00:59.002312,20359444-c561-11ea-9ad1-dca63255fcd7,1,1,1,-77,2.5,trans_hand_list
40,DC:A6:32:55:FC:D8,2020-07-13 20:01:01.013286,20359444-c561-11ea-9ad1-dca63255fcd7,1,1,1,-78,2.5,trans_hand_list
41,DC:A6:32:55:FC:D8,2020-07-13 20:01:03.018163,20359444-c561-11ea-9ad1-dca63255fcd7,1,1,1,-79,2.5,trans_hand_list
42,DC:A6:32:55:FC:D8,2020-07-13 20:01:05.023068,20359444-c561-11ea-9ad1-dca63255fcd7,1,1,1,-73,2.5,trans_hand_list
